class_index,link_hash
0,-Apj3XCy9wU
0,-Q1-oioJ6bw
0,0JKu9TQCLMI
0,0QC4g_I3d3E
0,0vNYhv275Lk
0,10TsKKs3I2Y
0,14SmbT2jy-M
0,17LgG346NAY
0,1kUE0BZtTRc
0,1qhJPcEK-cM
0,20KydpeqbL0
0,2LuiJHtaE4g
0,2PGZokdAYj4
0,2hPo8CuR9Qc
0,2r6Qo5SkilE
0,3LQALAWTSys
0,3NSru21HDeo
0,3PLobeC-fOI
0,3s9NicbaVFI
0,4U85bRQbQmI
0,4ix3gBtoOn4
0,5n7q2Pazxcw
0,67fNhls3aW4
0,68P6nt1gTGs
0,6K4Nz2wuwO8
0,6QZBcSHLjg4
0,6_uYWDyYNUg
0,6jAIxRJF7IA
0,6xP8r2A3K_8
0,73Pbs8hKCEc
0,77v9vKjx-XA
0,7Y3T6T12CK8
0,7bh2bKm20p4
0,7dGaLRsgofQ
0,7tP4mWp5ix0
0,7zZ8WvEjBjU
0,88YZtDxP3yo
0,8KtethZGd6U
0,8ZP0bfJe2xU
0,8oog-4t9n2A
0,91_ZULhScRc
0,9QmvZGy7KK0
0,ARUfZJsU0bs
0,AcV10oWZMzU
0,AzZpiZPxvq0
0,B6JfjoBCgII
0,BCHhwxvQqxg
0,BQWbuxXatFY
0,BhyLgEywftg
0,C0wE5OQa3D8
0,CC_JavKtS6I
0,CGftwNQ_LXI
0,CH3pYNoz67g
0,CIs39jZX6Y0
0,CkN0WDDqIUM
0,Cty_ZloG3wc
0,DBnqQjc5WLY
0,DBr2ZvXojYI
0,DM-d7Kos3PE
0,DgSpSKKAItY
0,Dk9HnmIbc20
0,DnPGSEGbw4c
0,EGLzAKSzi-o
0,EzSErgS5Aq4
0,F-OURmsmEKo
0,FAuoxTHq_zw
0,FFTjZilAwhM
0,FYorzlkCWYo
0,Fe1pb3JmT88
0,FiskABs-Y1w
0,G85GU6jMVj8
0,GGxz6aYwsvw
0,GxunqTbX6DU
0,GyxVLUdfd8c
0,HQTUWK7CM-Y
0,HQoyNYIE7vw
0,HU29i6ddEVw
0,Hto24RW49PI
0,Hx5d2iYCQjw
0,ImZaoWO2i3c
0,IvuHVd_z33k
0,J8QKy1nh5Ek
0,JP_teH5HnOE
0,Jcg93UlOwE0
0,JjE76M0a054
0,JoIZWd2q2Ec
0,KdYDFVZsl18
0,KnrmKVNBIRw
0,LCKsU4bPFOQ
0,LxqOvc4-rl0
0,M032ZAfELhc
0,MNi-dufWMQQ
0,MVdqGLoAwpQ
0,MmmQTn7FYyM
0,NF22NupeQuI
0,NcuAOefE6Hc
0,O1EAeNdTFHU
0,OHUsVfmyXhg
0,OLNTRdw5Jng
0,OMbNoo4mCcI
0,Ot3jmX5LtwI
0,OyQ8KaTbjnw
0,P-L4k1FFT3o
0,Pimq0LXN9RM
0,Pqar-2uEPcc
0,PyMOaCSK8nY
0,PytJMFxA2Bg
0,QWfyZSfF7po
0,Q_mOY_gxbH8
0,QhwVzG-hAM0
0,Qw8d2t7Pnq0
0,RZmV1gc0Muw
0,RdOwdzRMZm8
0,Rfu2gUNdrKs
0,Rg6Q6HIUggI
0,RrKUb1hDd3I
0,S-us4scosd8
0,SUunELdMPdA
0,SVAjSoHZzdY
0,SdLIqlK2Tls
0,TDDA8mVim_w
0,TV8pWR-lZvg
0,TelbdcnswK4
0,TttBsfBXpa8
0,Tyzym8Y25W4
0,U2QYt9VY1x0
0,UXMn3K6VneY
0,UYU2y-tosk8
0,UfRBUu0kips
0,UfltewPjMkw
0,Uxc84UUrVHk
0,VBNZaqR06Mc
0,VrZ15hY0dS8
0,VwIbOZcmLoI
0,W9KxgFy8cWU
0,WlYFKDusLWE
0,Wp71kiMO-u8
0,X16WoU36Q4k
0,X5JiqCLh6ps
0,XD2-Uo0Ns18
0,XEiSGlvWJRg
0,XRffoY72bNg
0,YHtNjP345gA
0,YW-6THwbaLA
0,Z3faUGgMsNI
0,_Yx5lgFBkeg
0,a7U4zbz24HQ
0,aAcIGEvbSSA
0,aCzFEbFVcng
0,aRseeN0-xJY
0,aYT9Kyl2qDM
0,bE0ta93FuKQ
0,bsnJhf-7SuA
0,c-NkUCbFlng
0,c1WBzMLgixM
0,cCWqn9ZrlDo
0,cPFOZ40Ugpc
0,cWJZo6iB_G8
0,ckz4qccSVpY
0,dRmbn-kMfaI
0,dSHJYyRViIU
0,dSZuXgXyUI4
0,dpaUBRl8c6A
0,duI6p-DKszY
0,dwqek2lqG24
0,e-yAO267tvE
0,eKyY7Hrtwfc
0,eS-hPjNnQT0
0,fGHhWB1pr-4
0,gHCDvdCaJhI
0,gRgUJ-KPsRI
0,gTKzoMuW-s4
0,gcvLvSmjRI4
0,gx47FXxiJc8
0,h72-Kuh02R4
0,hMDpBVVeNqc
0,iNT6-JxGR1w
0,iPSZ79WTWcw
0,ifCQ4LqT8G8
0,j5O7OoCkoz4
0,j7KKZ6v5o34
0,jAa58N4Jlos
0,jrf4-_7PN6I
0,k3AeIFup1qY
0,k8YcVvTRyOA
0,k_05pqhroiI
0,m-n_6WnWqEw
0,m7xM8EYLgno
0,m_UjYOfmkn8
0,npmHHEGI118
0,pmaAbwtJzIw
0,q2aDXPNVEMQ
0,qJ3q-BvBMvI
0,qJ4oWZy9EQE
0,qsXLvslZRNM
0,r2TR6Dvvol8
0,r8wpTzd6NMg
0,rUDGEzBhoU0
0,rljw2tGKYUw
0,rtbngEnViFU
0,s8XqX2MZyH0
0,sruaI_k03_s
0,swx1yP_5pVc
0,tV3betXjiOA
0,tWzgrkkPjHM
0,tX4-jy5V2Ak
0,tX8TgVR33KM
0,uIz2PgzJ9YM
0,uWcepue9-5c
0,vBz5Y6JSO-o
0,vTM93zSZnh8
0,voPkttQKe70
0,w56AIicuDgw
0,wLJ91tfgkCM
0,wftbRpcb948
0,wmPpGHHHQkk
0,xRwNe71KQWY
0,xfZq_pgRtU8
0,xxRk7l9mnYg
0,yLPsIDfJSQg
0,ylJV603bS_Q
0,ypjrrjhXfTc
0,yuexE9y0jPo
0,zwsAf0do-yo
1,-AxIM3hzxF0
1,-N-31KNJRcc
1,-n0yjH1bhF0
1,-ote1YD63mU
1,0GW2r7TRD0I
1,0H1kTmtFI1c
1,0PQka0h42wc
1,0ahy9eGwEJ4
1,0n88bWCi84M
1,10l75AIOwIw
1,1Nef8LPO-jo
1,1S22QoWW2V0
1,1b_iyDPzIcs
1,1g_1Wt5MtAk
1,2TssKCHiBO4
1,2ictxDTSYOg
1,2llj31E2XV4
1,2mZUcsPYVEs
1,2tNWbPd_-dM
1,2zzLkWEt9qk
1,3G02tJB3zSE
1,3XM30KW85xo
1,42ZG_ZyWB8E
1,4DjV2Y6uOm8
1,4dvP6L6zv2k
1,4mTENakQKZU
1,4wZwXhoxRIA
1,4yYdaUwT7do
1,5CH4Y74urw8
1,5FMB-wjX6yk
1,5M-s4_BPPGU
1,5MgAHAd-cP8
1,5doHjKYLZVg
1,6_J9GMgcIEE
1,747L4yQY3hw
1,7BKpRCgaWyY
1,8aiepB5Zlz0
1,8pCVH2FmV64
1,93hPruOFG34
1,9L-v6rpEnjg
1,9NS8ASLrc1s
1,9sgiIovczlo
1,ADGG3UpB3Ms
1,AoFMTBpWFSo
1,B2UOucuMlyg
1,B2tHBqZ27ZQ
1,B7-VfmLYmyM
1,BAvYWyr2FH4
1,BIygnAbvLM4
1,BOliAzWZzNo
1,BbVA4u9ro1U
1,BqlNoyou1EA
1,C1D33Ax3wiY
1,Ca77pRTOhMM
1,D-m1tP5oltM
1,DDAQgUSENMs
1,DMeeoSxtzCQ
1,DzCUoWGUnRk
1,E41fAMOLJcE
1,Ec9LPtN0KZI
1,Ecy4aONaolQ
1,FH2bF1wT6ms
1,Fc15uT26AKQ
1,FmC98hzjQ5Y
1,G8mLyTJslRE
1,GfR2F40pHy0
1,GgBR8f5wNrU
1,H1fzH-byn3M
1,H5A_ggpntrM
1,HG9fOc4Njfk
1,HSCbVaZACiM
1,HUjBuZ3IUTE
1,HhwfMQH0rEM
1,HxrhLQdb0bQ
1,I4S6lR7S8kc
1,I9mmPsD3ZTs
1,IW3paGAkQE0
1,ImzMAhjmUxo
1,JAXyY_ngM9o
1,JAwO89tL9lE
1,JV_nRw9z-Cg
1,KJr1abRt5AQ
1,LErNMehl2-c
1,LFq--Rq-ORw
1,Lb4FScsL1Tw
1,MNIzI46Rfsg
1,N1vXI42H-VU
1,NUpC0vajAN8
1,Ntdeyj4uvvk
1,NuNuEltTp3s
1,OJDesKNWzbc
1,OWishkwQy8M
1,Od4FIfYALHM
1,Osd4DLpMNp4
1,OsruhhS9vZ4
1,Ovpa7XuhC0k
1,P4ZCTJhX_i4
1,PtHgV6UWBy0
1,Q6_rKHAG9tw
1,QPkxM8lGCcw
1,QSooblErlLo
1,QWhcn0n-Fwc
1,QfnFzkclhn8
1,R9oCQzZmea8
1,Rdoc-usphTQ
1,S-zC9MBYorE
1,SXC39_STV1M
1,SlvNNi-T3zc
1,TApcRAVMvUA
1,TLbsKHH8y4w
1,TlWgz49dr9k
1,Tugc77ujSuI
1,TvnuBJzeJ10
1,TvxyByx3Nho
1,UkDiynpBEC4
1,Ukml_IB1USY
1,UlHNuuASQK4
1,Uq8nrKKLdaU
1,Uyu_S8bv1Kk
1,VGeauaY0rCE
1,Vy8Doaw_v_0
1,VyO17JX3Jy8
1,WPYYNlP3s6g
1,Wf0MauBHWss
1,WzgQga91hUk
1,XDIZF-SkuZ8
1,XmeARRP0q7g
1,XyVgT0b6x-4
1,Y164SUQ0dT0
1,YoEP4kNOlGM
1,YrARpva-aJ8
1,Z6Dx-o3vfJY
1,ZP3Ze36TJds
1,ZWs75pZ68sQ
1,Za5RyB9_Qss
1,Zcs4ttSW9PI
1,ZhgZyH_3V2s
1,_HR52V5P6XM
1,_LBxPVplDY0
1,_MqA_UzmWgo
1,_szezKc0aZY
1,acnrKHhqaYA
1,anJN5E3NKQo
1,bLi5VIupTaQ
1,bYKv8cjV3zQ
1,cNgrraeGyFg
1,cgvLwomv5pY
1,dNyzqQ_l-SA
1,daO2LOern9s
1,diajKjIruHA
1,dym5tL4J2vY
1,e-g9My1rR04
1,eaRpndJmnl4
1,fC7l83uYcmg
1,fS4cH2fky5M
1,fWeVvdZ_9-A
1,flkCOKJ9f4M
1,fnRlICI5Tng
1,friNrjw4Uxw
1,g8rfBYVbLqM
1,gMjpG-vQkpQ
1,gQV5VkKIN6I
1,gSaiQNFkLvk
1,gWN80q2G0Sw
1,gZtz8E3UJKM
1,gbydTYK8P1k
1,hff4lF_QIV8
1,iH1qCFicki4
1,iKco7Bp8Nqo
1,ivgmM9i6Kx4
1,j1QwCBZrPFI
1,jP_CHr0ChZc
1,k7ZfRknYUSE
1,k8KYqNBhDC0
1,kA8866koyLs
1,lI2uT6di2Jc
1,lIbHjNrFSv8
1,lThUpXGVjx4
1,lifciVM6r9U
1,lmo49HEQQl0
1,lnswZVlWGeo
1,lxLCiNlRcjc
1,m-bpa4kCVWI
1,m0I3rBN9YFM
1,m3W3eTNU8q8
1,myvUkT4B704
1,mzkUWdSz0sA
1,nTHCjSC8zYo
1,nfT4mIqlOXQ
1,nxXEDHNLI-0
1,ovCvRxgcWAY
1,pED9Poih-64
1,pWBPRh0lDmM
1,qFaKcJos0Lw
1,qHNXqxhv1Vs
1,qQtm8QKthvQ
1,qa8MoB8Yy_g
1,qcKKRNJwnJ4
1,rKefcXE8aGU
1,rLysBeYQklc
1,s57xAlGwCKQ
1,sUlVQ1rDXzU
1,tVFdCsIhFBM
1,uIJNxrr_azw
1,uK-0iSLQDKg
1,uLvaDMkAbsg
1,uchulnU7rmM
1,ufM-wuJ6cP0
1,urFNgP42vx4
1,usI936o6l64
1,vPTJrIM1Nag
1,vQzyhkNzaYc
1,vpM4TPlC-mg
1,vrSNYqbWvNk
1,vxZ7jXrIzWI
1,wkMM8mMTASw
1,wv9xop5hrvA
1,xHD8u6g7zVU
1,y5QmHftiP2Y
1,yTfcl3jHKvA
1,yhCcdUC-L6k
1,yo3X4cUVi4s
1,yvIVvI-SwjA
1,zVO8fyn6YxY
1,zvBXpoBegwE
2,-FlxlsI5B2I
2,-Y4oeOOq6Qo
2,066WAeG5muE
2,0J50q5lSFvA
2,0Kvw2BPKjz0
2,0Sbx23ZlMfI
2,0iI_EO-zKII
2,1BdjsM2Km6I
2,1LlP-yVzS84
2,1QQBB3cwNM0
2,22mdHYEzKC0
2,2C1uBRVkDjE
2,2NE4KCCfutk
2,2Qh1MJlsMrM
2,2fm4USaImPA
2,2kNO8yOfAc8
2,3FPxYDGfniM
2,3b9n23uoegc
2,3oXgQ4YOvLY
2,3vUPdQ1cUq4
2,3vjryPUkX48
2,40PPUKXJEKk
2,4NOM-kLfDR8
2,58mE7Vy1Xrc
2,5JqxLbpKzgI
2,5VH4c0-p-CY
2,7Pw1MKFu1Kc
2,7WfzbpoTtEg
2,7vhxQLJIPys
2,7yUgocFybxk
2,7ygnkvEmav0
2,7zMYZAmkesc
2,8GxqvnQyaxs
2,8lncKcy0vlo
2,8v8XvSc3GfA
2,9MqK-LG5MU0
2,9TAruvKUNkA
2,9V3PhXNNMGg
2,9tX9bF0kSt8
2,9vYywHKZ0Tc
2,9xK_zsNseg8
2,A0F8TC2IrDk
2,A9jI7id8c1Q
2,ADRVZ4Oe6b4
2,ATFy2YLT504
2,AnS3EM7AScM
2,AqbF9JDu7V0
2,AulUymOF2WA
2,B3WpZzJv_V8
2,BGEAiUeiaKs
2,BlbMGvsh3ik
2,CBi0HUmTrkI
2,CMOaH4URCVY
2,CZuHlgUZI5M
2,CdaXTGsMU9A
2,Cde48URFX7Y
2,DA6J5XrTGuU
2,DM-TYijRcFY
2,Dpvy43BzIiU
2,E-p1gsUpB6M
2,EA_fx922A9Y
2,EWSiblaxsfc
2,EpZ0RELhdtA
2,EyUZJTTAIVk
2,FKSooF4rL2Y
2,FrIfes1L7NI
2,G65jkyqTo18
2,G8P4PJW5XlY
2,GN8C63PqJYE
2,GmeJ3WdqyEQ
2,HfE5tuXzfiM
2,Hrehnzvp-js
2,IMUx7WrAGi4
2,Ib2FrYQu_Xs
2,JXvXrBtdhIs
2,JjCzkzYaFlg
2,JmU0T2XXYQs
2,JrxwQ7zVt7c
2,KESxrCDkUI0
2,KXK1at-udX8
2,Kt0gcbq8Gcc
2,LTaob32MOUs
2,M-DvCVhmq5k
2,MGsl51D8lj4
2,MWwwORNBtlg
2,MbMruLm2RPw
2,N9rzxpZrMz4
2,NATKebsXo7I
2,NaKZeou6Wbc
2,OBWRJjaZLKw
2,PE6lnrcN-qw
2,PPrElcNnZ4k
2,PRyk7AyWv7o
2,PfbOo39pG78
2,PqVg_u7VUwA
2,Q-TQQE1y68c
2,Q6JLF7mYtuU
2,QFg7-ZMFkOs
2,QmcZ6ZD461g
2,QpvUxFOjxTg
2,RIqzfsfpMv0
2,RVK4gYbK5Hc
2,Rk-ahO4JtP4
2,SNRTSQsptgk
2,SOnefbe2ZtU
2,StNvVzoZ0Nk
2,TBgU8sGdwPw
2,TL2VG5dv7yc
2,TZ3gU0CmILQ
2,Tc9zim7uzXI
2,UWRdSZhPz9k
2,UfE5HfQvQ-k
2,Uo52yFN6P_o
2,UzpHCqZzof8
2,V_M3Jw3zoPY
2,WEYs6aAcKhs
2,WuIOvS8V26I
2,WvpUdzBw-VI
2,XMAZoahT5V4
2,XhA4BU6ic3k
2,YKmmInU7VwY
2,YOkNqHjf9z8
2,Zjz_G84TxJM
2,_0-fdel2aqw
2,_HmhW3T0Ejk
2,_hIpoeUASk8
2,a2vJLW0ZkX0
2,aHKtw_3ZvD8
2,aLIxz8i168U
2,al6bsFwjmes
2,b-tLDL0jFWI
2,bF0lHmu3oQU
2,bLCkiVTnLqw
2,bNP15VtnCCo
2,bwI6UMITWgE
2,byeYjhNr_no
2,cBZ2B3XD5Y0
2,cH50WHc8cV0
2,cMG1R6TSjHE
2,d9EhE-7PKTg
2,dQGvN_KC9V4
2,eB8j4Ydqqcs
2,es88IOHHU1M
2,evvfNowWD90
2,f_htuMWtxks
2,fu6Ji5M_Ztk
2,fxl7biExiDk
2,g9rOVzySW4g
2,gj714mv0CnU
2,gsQsW3TOyOw
2,gzV0ke6dIWE
2,hd_t212Gl8I
2,iQgFzsiV_uk
2,iYZbQIXoVMY
2,iZaJRDflukg
2,ilw9tcLH5fs
2,isVRgJn0e0U
2,j6PbonHsqW0
2,jSuhg_FrzLE
2,jVstl7Efgqs
2,jeNGcKXrHyo
2,kRmEfyKSefs
2,kdm5MLDtL94
2,keX35xwlEQw
2,kkM_2z6nXzA
2,kl-bS8B3Dc0
2,l-CVo4b4FVc
2,l5amjQNsKgw
2,lC5lsemxaJo
2,lChT34mrqKw
2,lK13SW0QW04
2,lTxn2BuqyzU
2,lWa4vBjRwzs
2,lrBorEl9m-Q
2,m0Q0CNHGehM
2,mBofSI8PjvY
2,mCi0BU9tFqY
2,mJ_Hc6f2mr8
2,mMsxTeHK3Yw
2,mU9VYcQWSOc
2,mXfSg7mLEdU
2,mfpmd7MoFJA
2,mxPDp1esjE4
2,nvl1ac5mfxY
2,nzFabfxNCpE
2,odK6jxLNtjA
2,osHg8kRQZqQ
2,p8ECjXP2ulk
2,pZ1sn2mOvHI
2,plrnnWq6EZ4
2,plx77C3Fccw
2,qCv6Kh2XyF0
2,qFXW56niNYg
2,qHrN5Mf5sgo
2,r2WUhieXTN0
2,r7drK5-sMns
2,rAjnHEbVHFY
2,rvZOPBiOeLU
2,s_Bw7zpVbzU
2,siMkM4rYWcM
2,sm8qb2kP-fQ
2,sxmTTS4qros
2,tvMO9TNfdHs
2,uAszuHaz9YY
2,uYM1uQ7QrTc
2,ux6O35wrnqM
2,wVbaqlK8DKA
2,wlMAZzfVFw4
2,x0PZdCN6sVI
2,xEk3FIuKyjI
2,xFYkuraE5gQ
2,xFfhBcRDWu0
2,xMYNSv6qsQk
2,xV_4EA-wrPc
2,xWeNAj9PgEY
2,x_YvaOQhgVE
2,xdnk7wD1VH4
2,xiA2oEPVWBs
2,y57sYHIDP_Y
2,yWq8HrQ245k
2,yZpEpNPaxsw
2,zHdwU5hzeTw
2,zVfLdDHfSFE
2,zWb2plWVGpM
2,zk61UO4Dx4U
2,zsov7Kb21L4
3,-67l_RN4RMI
3,-IWk5NkxQF8
3,-VK67BUk8ko
3,-ye_W0dn6tY
3,07y2gCtP6vY
3,0H4Px1mUJLQ
3,0HATnaxMMGI
3,0j0H8eyZanI
3,0zTAGlBNBi8
3,12_jQo5NeWY
3,14Z6yOXrfpM
3,1653HxQY5Qo
3,1hnS01vks6A
3,28mL-9hUt2M
3,2SHqifCj_2U
3,2eddgtjvej4
3,3UNMdZLXj6Y
3,3nNDEFbR2jA
3,434kHFSyqsQ
3,442Q18JZwwE
3,47xTtOWSmEA
3,4Fr2Q3qPoN4
3,4QTTDmqc_3E
3,4X4qxbldXrc
3,5KakyYTF9Uc
3,5WyEF2zRpq0
3,5uHUVyy3rNw
3,6B0jbzJc5jA
3,6CwFngCj3xA
3,6JlVMiDxOUI
3,6ML7B1bFLko
3,6VmuD7UAWo0
3,6xCQQnRIWqs
3,7RIt-Cs8smc
3,7RvdTWM9sJA
3,7Vqvq-f-UtU
3,7c0CyjhwtGg
3,7zseGj19dX0
3,85GMMYfgCr8
3,86GBvrhnmtM
3,8azEueW8jDg
3,8hnhDX_INpY
3,95DaI4QWbb4
3,993wlZ6XFSs
3,9yF7LlnYYN8
3,A2Qv1bg2Lus
3,AdUekz9T4gE
3,AeIeggT8ViY
3,B6jj4TXaXiA
3,BVCwtHodS7E
3,Bhhgux3-10Y
3,Bk4Kk3i3_9w
3,CPlEmxsdMok
3,CxUxh2d4CmQ
3,D3UWIEEgU74
3,DCvY1NQOG-4
3,DJO6uawiSxY
3,DULof2JXauY
3,DUp09PlJNiM
3,Dz15QNNfJ44
3,EB21iTgsxeQ
3,EKFPl8w_QLg
3,Eo6TSwx9iTs
3,Ev8Yj1HWSAM
3,FL_RR1iDA2k
3,FMiTnyI12bE
3,FVHUkmXYols
3,F_AOte4J2wM
3,G1lURknjmxM
3,Gb8_plPdJgc
3,GigmYiLs3nI
3,H1k9cevaTDw
3,Hrehnzvp-js
3,IFG6HS3yyD8
3,IpoTZl3Sf10
3,J3UTraIcOeI
3,JFRGNWSXV0Y
3,JUb4wi4fKCk
3,JVNUuTp-xmY
3,Jo_6Ef2jQHg
3,KQ3p5VrpfC8
3,KppFGoRQnQs
3,L9AoLqjRkXo
3,LCmDaQCxxKg
3,LHSRxdcUx7E
3,LRi0B4b_Gq0
3,Lb4FScsL1Tw
3,Lhl_dgnIF5I
3,M-95ETmMUfQ
3,NFjDq-Rsyjo
3,NUk_f_YnYho
3,Ni7h3LtiFbo
3,NicriVJTeZk
3,Noucmc4EDDA
3,OBmDNlEuQVI
3,OaOp-nvbAzc
3,PCHQwemCmEk
3,PIm5_OKLtXc
3,PKpQRjj_WbU
3,PddX5rhwDWM
3,PqVg_u7VUwA
3,QXQBhNybB_U
3,QrpS7x_UTMk
3,QvfK6f_8iGE
3,RJ5Lmg7DbHs
3,RNTRUe6k7rg
3,RZ2ObLY9PXs
3,RyopsLGC0u0
3,S6lIHm0wWwM
3,SduFOgHuJ_U
3,Sz4bPQmqUrM
3,TBDbI7Ncz6M
3,Ti6Y6tSHsP0
3,TiwZn8o0OMY
3,Txd63vjVBkY
3,Tyzym8Y25W4
3,U2QVBxnLTzg
3,U68Zlppcr30
3,UScfLdnqx8M
3,UkDiynpBEC4
3,UlqPjhFs-Xc
3,V10mkuHXwuM
3,VGMnluwLzic
3,VfyKFRG11B4
3,W-u59UvYGTA
3,W9wqy6uZupw
3,WO6ouIbufk4
3,WgvcCiPpO_o
3,WjKbBwHj1hw
3,X-C2EDE8rew
3,XLDRWB4TBJ8
3,XbJQrIayE5I
3,Xqk9LYUN-H8
3,Y6RkVw9ZFrY
3,YCpolQ9F-iM
3,YEOddzK9tyk
3,YOj0Qu6Rxsw
3,ZamXQHeuaSw
3,ZhBCmd9lkD8
3,ZtLQvtq3b0w
3,_2K5kTFWEaU
3,_GZkiRzkQjY
3,_a8L3ryXvaQ
3,atd55q4FYz4
3,ca_mJRXH8lg
3,cpiaXgdF0Jk
3,dCm5oOSdIxA
3,dp2hPDfBuDc
3,e2qF1f2rxlA
3,e3UkhTFcQYc
3,fR6QaQhN0S8
3,fn59v0q_OvI
3,gAfGLmV-06M
3,gMs_mzJQ8W4
3,hnYXfMnXMNc
3,iXuc7SAyk2s
3,imhJlM6DqXU
3,j5VKt48OWek
3,j8bok-ce-iU
3,jJ8letDD3Lw
3,jlC7cQFNJYI
3,jpmR0oWvxkQ
3,jr7UO5uWP74
3,jzCgslB9OeQ
3,kGL3vugvBy4
3,l-n9ZB_3WI0
3,lXwQ9KauwTU
3,lZIlFyzeZig
3,lo6x4eulY9g
3,lpS4q9umoV8
3,lzR1lEkTc-o
3,mGg5xglH2Xo
3,mPcU7ExfJDk
3,mh2bK1y7a9g
3,mjeA6WrrxHM
3,mzDYdbVGZ18
3,n3NMS3WaujE
3,n4H7SF5s0l4
3,n6i--eHO3kk
3,n8IOvPMPOhM
3,nF4Cs4aqbfw
3,nQAl5EG9JGk
3,nYi7QnybT2o
3,oGtQKF62ZYg
3,ocjwnFG4wcU
3,oue5VTpb-ms
3,owgQ6hgR5Ys
3,p8GrSqFiuv8
3,pIRrlBkNv0Q
3,pWfyvlsbcME
3,pgJoPxnvMcY
3,pyV68KvUwlw
3,q-NKpDTwMms
3,q6iFwtRpOlU
3,qlzVPauUgw8
3,rClv9uh2M8Y
3,rHKugnr3arw
3,riXxiE0RV_M
3,rl_RzCdwOts
3,s04iLto2rAM
3,s0NlEvgMA7Q
3,sL2WlXdbjH0
3,sSD9ePFUkvM
3,sZ2lJ3Mudww
3,sn3Tnin1Rcc
3,tFMg0I_2BeU
3,tNKMUqG4rE8
3,tP-Lz7juHdg
3,tPXpuU3NjVk
3,tgpTa65o2nc
3,tzjhsm32ybA
3,v96EKzflj9I
3,vEVCGruTB3A
3,v_eSTSYnxU0
3,vnxIATyYBNA
3,wUTY5tWGaWA
3,wZ-Pmw0dWAk
3,xFRGJl3UhYI
3,xkVuY2E7STM
3,yGKucFdj014
3,yHpzRWx_Mxk
3,yNfsxcM1fMw
3,yc2oa2Gj16o
3,zFEDCo-eyi4
4,-DxCLpYIBjw
4,-wpk2Q3lfA4
4,03T7aCLnkEw
4,0Boi6Bg_bas
4,0SYX2qYPODE
4,0kbXsIWnVSA
4,0r6rekoHOnU
4,1KYjEXlLPs4
4,1Lc6ANs-KFY
4,1Me4xjEWtIA
4,2Q9l4sR-ZSA
4,2nqseQ_tmIU
4,3ZJ5K0zo7dc
4,487W6dgRB_s
4,4Avytugsltc
4,4CbYj4K-S2U
4,4Vw-YKi8C3k
4,4ZNnx-rxLIg
4,4afLznmOsDk
4,5YmOCdvyy1g
4,5mElvNx66WI
4,6CKCQaxC7ZM
4,6FG6kT4KOGQ
4,6GddixcK7Tg
4,6ddqOPxcXmY
4,6zJw5cVXmGc
4,7FB2MKsByqk
4,7SSnj3_5foA
4,7YU980KTLFo
4,7k-2nvIFoLo
4,86Z-kt1itm0
4,8FHu3_82OOY
4,8RZpS5_QRZI
4,8YRHTPvnVO4
4,8bLrTlynD8s
4,8rJiD7OfHhQ
4,8to-Pc1VWtk
4,916kC_6NUKs
4,9cPKJTDtMxc
4,A0cEC5YRAR4
4,AhutIJdN54c
4,Ajwzo1s3zn4
4,B1maDFJ2DGc
4,B8-Y3PBXC9E
4,C7CKrrNULtk
4,DFnmMlOahoU
4,DKsj5mCR7qs
4,Dd4--Osxhsk
4,Dmtu0NuVORY
4,E4P4wmh9GNE
4,ECDyevPoG18
4,EQqB76mgQTk
4,E_q5pUul-10
4,FBorRZnqtMo
4,FNo6vCbpdcg
4,FpvMuDl2Ewo
4,GneA5uXtDVc
4,HHb8lrjRPIY
4,Hf4qciM8V8M
4,HtQSUwH_erI
4,HypApKxEQ7U
4,HzChQzoWrOg
4,IFTQ6pmJAus
4,INn8ccBoLes
4,JB7lcNUe6rk
4,JI-6pB-v2Uo
4,J_I-2JLbXAI
4,JaKqkiMWEXo
4,Jd_6bTnC78E
4,KXIJXJ3XePU
4,KgfJ2HHKfqc
4,Kpue-hP4yfA
4,LPFwrH1w468
4,LU_Eh6LFcj8
4,L_oIpIyZRu0
4,LbNP0FUItjI
4,Lhl-WlTcDs8
4,LnL1YymwO5Y
4,MBPvuyiO3eI
4,M_wLPcH1_WA
4,N5jOBdge8yY
4,NMlcMtWzCxo
4,NrI5BkeZclw
4,NwQefVdGMOQ
4,O6FFbuH7YOA
4,Oj5s4Tm-rdQ
4,OlXGTPAJ39I
4,PEKxlNUVrZA
4,PHLMe2CaL_0
4,PsSXfkVPW2g
4,PvKdiQUbXoY
4,Qlg3XkmF6Qk
4,QyTF_o1DkEk
4,QzxeCI1_m5k
4,R6e4ruziZBI
4,RgQLBtqdRGU
4,SOYkYHP3rTQ
4,SkYl_AH-qyk
4,Sv0mcMHT6mA
4,SwJDEa0vdvE
4,T6TBA0OGtYw
4,TAwdvuBpvC8
4,TbCM8zNAb70
4,TlNBQtnkcAM
4,U5KpT9dwymE
4,UzC6XgNslPk
4,VU60Da1K3t8
4,Vntpoyh-k-4
4,W0r1VBP01Tg
4,W1cT0kN72Zc
4,WN3Ppxt8EqA
4,WXwNN8Zec2o
4,XJPbNPKJ8Uo
4,Xfnq47BHWE4
4,XlFgvm7f0yc
4,Y1rdsciN0gM
4,Ys8Mk8NzQLI
4,Z6QpfmOYR4U
4,ZWZkyEBzYUk
4,ZgJagAiHimk
4,Zph7YXfjMhg
4,aoZZR7lgnz0
4,bH5-4qWdEl4
4,bOXhJ138Q58
4,cBuDYcmJoIg
4,cHeX0L17XLc
4,d7FY14THECQ
4,dMGI6bYZMKI
4,dMWxFoItT48
4,dXDf1tjcD58
4,db2qFBl494g
4,dmr9HSSexP0
4,dyGJPbjAriw
4,e1Rv4k3ETZI
4,eLv_arC0EXc
4,eNQAvDD6tWI
4,esWGwjFXm9E
4,evGDyyNJNS0
4,f5eOe-oPfJU
4,fFf6FqAkL-g
4,fdyX18ldGuA
4,fq6YQ94p1lI
4,gDl5MW3ykhQ
4,gTZcCfavTs8
4,geCkUXTo-AQ
4,ghmHNjuP8-s
4,h4S2CgLv2nU
4,h7hczoAZYqk
4,hf9DhkhCL1M
4,hvp3egHzIZo
4,itb4mjw8Afg
4,jFTrACNUYtc
4,jHQKKX9U67U
4,jaAKFFJSLxU
4,jcXdOaDDDLE
4,k0BTBqHRHsU
4,k0PN3PA-uNQ
4,kheNARh-IJE
4,kwMeyXO5EJI
4,kzcNFBH_TA4
4,l4FFXf_jz3Y
4,lR188AbpPXA
4,lV-hcHcYiYg
4,lVuMPiURoSk
4,l_FBOBrT6eA
4,luGEe50F30k
4,mE_FIpPVD7s
4,mI3CwJJRWgg
4,mNpj0Ca6bi0
4,mPxO1WhCsbY
4,mpC4_1ssifs
4,muwwjCDbZnA
4,mxkwYviAkt0
4,n7EguTrbW3c
4,nbH-COfpk30
4,ncTx-9SmVvU
4,nj-YK3JJCIU
4,nmQsx1D0HBQ
4,oGZno_rThKc
4,olyNJ_wKkhI
4,owA3zNdy9mA
4,pUMqic2IcWA
4,pn0UxMM4g60
4,qNfAFfu6VD0
4,qZCoMreWsTI
4,qn9_eA5zPQk
4,qsvt6aehTE0
4,qvrgXjFQhX8
4,rURIS1kUWjk
4,rZcuJVKDeLQ
4,rq3QXIVR0bs
4,rxE7asRLiko
4,s6Zo5QiKZA0
4,sJcvQb_tHjk
4,sNmYf5l2UAw
4,tVUSm215aRE
4,tXHjZWgmx2o
4,thg9_WwDrLo
4,tjFkFbecnYA
4,u08IR0BZNYw
4,uEG7Cth_kQc
4,uROhNSsi79E
4,uuAlybclA2g
4,uv9B8JlPjP4
4,v9nPVF081JM
4,vDGrfhJH1P4
4,vxJ9OAUr1yU
4,vzEXks5_3fw
4,wDtT9QJcpms
4,wor_aFKRXdc
4,wrruN55rmNc
4,x-jY7ZkRqb4
4,x27gDAcvTMk
4,xAcQ3uY8GvI
4,xdSPFJJYTp8
4,xji-IaV2--s
4,yBB4GD-Xb6M
4,yJojjq-9jvk
4,zOjP-L8acU8
4,zdHssQh8tVA
4,zn_-f3yPT0U
4,zn_EaAMmVHw
4,ztRMHpxaCFo
4,zw-r9RO_DP8
5,-41faqDAsdo
5,-Hopohf-MdQ
5,-Zw5bBXKP2w
5,-b6dKSaOxs4
5,-w4ERUWUmEI
5,05rOKVvX6CA
5,066GXbTOAWA
5,0f6d3CzOlE8
5,1LyNiqu5bAs
5,1d69_uVXuvw
5,1pIeTgmEXKg
5,245wPEktl2Y
5,2G-kBoRWBYE
5,2USI1W3DtbI
5,2c2b1cTC8Ew
5,2i--g4KH3n4
5,2i7BptJIuPY
5,2zIuMLHrcrk
5,3IC86POjnmE
5,3bpktzCV020
5,3j9QziHa8fs
5,3poa4_NCz4Q
5,3yaMsF77jSU
5,52CrnhkcHKM
5,55PSvidfDo8
5,5CEb60Rfp14
5,5DQckg0L0sk
5,5fbSRLYhFuM
5,6PL1r7tqrL0
5,6l5H2wT1AHs
5,74djFvJjPkc
5,7hqRcfRvKZA
5,80O6V-c6OPM
5,8BmiPPKPP6s
5,8JHnAQfzQ18
5,8JZSVOaRoEo
5,8Lspysy8FhI
5,8n_LeNFIe30
5,8o2Rxm5zUjQ
5,9V4xNKWZGuw
5,9dFG9iJ9ZHI
5,ACxJgM6runM
5,AMv2UL6GAg4
5,AONageuBVnE
5,ASZUpx2zVMg
5,AcQCkE-aZZs
5,B5t-w600TwU
5,BAsuV9eKkDQ
5,BDalCSQQPMY
5,BVb6X7s43sc
5,BpFpTr8x5Vg
5,CRsOXaofPmk
5,D2ONqet8RoE
5,D8oPaw2uRng
5,DOoq8p45Hk4
5,DW4LJs5uT5k
5,D_HmJnNzuCw
5,E1LW_MteTho
5,EWdhnspjpug
5,EvvpnWYmEF0
5,F3dpQMxeIsU
5,Foq3K84bqq0
5,Fv2pOSp5tI4
5,Gt_kNvA-iIs
5,HiVAU3bTJA8
5,HzctiIHjIIc
5,HznGPHDEh2I
5,IyvNHkbnoUw
5,JuikE-aF84A
5,KUZ5t1GSo28
5,Kf0moI7xA6c
5,KnfyQ5AOmmM
5,KtWpZbtKEoE
5,Kx5g3bpsbuE
5,LHOajbcg3e4
5,LMDSrnX3-ts
5,LQrbZOHPzBk
5,LSi3d7TZDDQ
5,MWuHtiC4Aj8
5,MbLiitqT-rI
5,NBomVs2_2uc
5,O0_slRbTy34
5,OFIYPQy0_HI
5,PVb13ywMKok
5,Q9Rd9E--qkY
5,QMqSxvapO3I
5,Q_23iJ9NaNk
5,RQjLh9lIkUk
5,S13bytXV_Mo
5,SJt2LTs3rJ4
5,SP0XfCG1BHI
5,SWUFEmTcoIg
5,ShRO6RFx90M
5,TCS93mYm45M
5,TFrjwVtpX6k
5,TncGrpYVBpA
5,UcPx18GJWW4
5,UhqjOzeSiuk
5,UqjwvgtkccU
5,UrxY-yLw8P8
5,VZ_J-r7PXDs
5,VndY9qUsKKU
5,VqtJvPSNdLY
5,WGODXENMuC4
5,WREEaxce9t0
5,XUjNUy-0ScQ
5,XiCxL79YqBo
5,Xq1H1YkKV4g
5,Y3tzxkGHgXo
5,YVHoHgc5bu8
5,YYdcDHA0ftM
5,YpmvahJQtNg
5,YuIA3gGlNAw
5,YwTJsJ7PvwE
5,YxybxDm0h3c
5,ZCRPfo-md90
5,ZK-rNEhJIDs
5,ZLr_QhKwJPg
5,_EYCCucYCX0
5,_VlDIviSKP8
5,a_X5SXjY8Tk
5,amozyI9q28s
5,b7LanFMFRTI
5,bjHcmveqks4
5,cQOTENGjPyA
5,cYl7xhaI61U
5,cgIWnSqYylE
5,chuv2wRgeIc
5,d-S6jEroJj0
5,dAfSf2LF8S4
5,dYlwIGNDp8g
5,dqrjj1M19rM
5,drPL2ABKcDY
5,ehslEpVltO8
5,etu8wpJ3Nxs
5,eutzrXkxLuE
5,f-ug50L376g
5,f6MkFQye0Hs
5,f7polcebKAg
5,fPZmUQNH2TU
5,faQ9GvR5J-U
5,g1Tv5KBKG5g
5,g4hvpWY96ag
5,gMrNQbW5Am8
5,glEBI_Y1g5s
5,glYrM9zd65M
5,hXjqzsR1Tm0
5,hjdcZq35PcU
5,hwAbzv7eG-E
5,i32MJrEA1Dg
5,iPrKEKrGCHI
5,ilDb2zQq_GE
5,ix1NG00abis
5,jEEi4qg_By8
5,jKB-NfB6TKo
5,jS6ocTAuqoI
5,jayYmkayoFY
5,jsZ-m78mw7M
5,kCywVzKIZeI
5,kNvvJ3r9IY8
5,k_n5xzW4UKQ
5,kaFLP_Ydtic
5,kdfPjI-piNs
5,lUoFGlTSlzE
5,lpqKaspFovg
5,lq8FZiywFDA
5,m9LvxmWXpaQ
5,mPtcxbuIYbI
5,mzOy5MDGQbo
5,n2s1h4ReE_Y
5,nFcGNwZiPh8
5,nOD8Kx6ZONo
5,nQSYxqMpQeY
5,n_AlFwPAAQo
5,o07GkGnxG24
5,o2JIu--G7KM
5,oDgTAv9H0Dw
5,oSCcf_9PGCg
5,p-hNmdNqxbA
5,pBck2WM6oYM
5,pYT_v2tjNOo
5,pnkYjHiZZL0
5,q-yVoMiiKrM
5,qNIiRwbmM4A
5,qpSPbJiuCaI
5,r0fPOela-Ow
5,r29pkzHjBEc
5,rB5jKumsQHA
5,rf8cV53ihVo
5,rjggPlfWkKE
5,sNteD7Y8Rvc
5,sRXSEy4EOEE
5,s_jFk9KELWk
5,sp9w0M8dIHE
5,t-_RuhhA7po
5,t6N3agS4G_w
5,t8UmEtNk-Q8
5,tCCwqyN_5a4
5,tH-JxECXPpg
5,ttzOXSElW_M
5,tzBPBF_ZlKU
5,u4Eg28JATJE
5,uId5tUwJI_o
5,unCrCjfBkSM
5,up9JuGnuxRw
5,uykQfM1i50k
5,vAzuvLkvy9g
5,vCCrXuTNXX8
5,vHVi59UzBnQ
5,vSQC0mFYorQ
5,wX5NS4TddFQ
5,wXAiyYBgSBI
5,wZlQWjRNQvs
5,wsT7ZX_171c
5,xcAwujfTN64
5,y-Olt-1PZQ0
5,y-zQovGOmVI
5,yO8U_3mgbK8
5,yOK3bF3jhXU
5,yURZNIJvaOY
5,y_0IJMtKgrk
5,ynQqEewXluc
5,yq2nk91hSEo
5,zYctep-NOgE
5,zgL6KI8j9qA
5,zueoY4PHbO4
6,-U3tkI2SOro
6,-xdDTCQObGo
6,001FnnffxXA
6,06WXCWDaJps
6,06w3yBAACyM
6,0Wit0j_xqZE
6,0ctBkL9aX6I
6,0fcYCU1AOkw
6,0hgLUuR6aV4
6,0iiWk5hgKMQ
6,1JAEeHEDvI0
6,1t9evBEy3yY
6,2Iw1IcEYxiU
6,2Kg5vfBQNuY
6,2ziSri3o8Y8
6,36H6FyfOL8k
6,3HcV_2CB7jc
6,3sbYrXEqZ7o
6,3ukSzYy01lk
6,3ySZQXVjCoM
6,4PyxISDyGV0
6,4fHMbXWcoq0
6,4j329wUsl3s
6,4pc7w4xn-co
6,5BDR5L0LYAo
6,5ptheCOV3x8
6,5sF5Sv_ueds
6,6Ly7c0uNuUw
6,6OA9AjzX4k4
6,6ikueoPpwRo
6,7ZTNJCKWqXs
6,7Zj2NL2Cldc
6,7u3ZChGCFUE
6,7v-mssy5rKU
6,7wQ5uR6d9uk
6,8Ffhv3-8Sjw
6,8JHpSqu26Nc
6,8N2QAIuDjbQ
6,8YwHzws39q8
6,9BMhFmNzw-o
6,9yDc3n4HUkc
6,A9q5124PTPI
6,ASOWuchU_jo
6,AUt8NgwMbOo
6,AwgylK8fvR4
6,B9qOS1echHY
6,BBDZ259AuH0
6,BEHJcynpV9Y
6,Bd6giSYA0Rc
6,BkU5HZPI-pk
6,BkXvu-HOIgQ
6,BuoVDaStY5E
6,CCB89tKDlPE
6,CKbsegjTpvM
6,CWZYGXoqiAw
6,CrKG2g2CV8M
6,DH4J8xhxRqM
6,DOijreQ18lM
6,DX29eKlajHk
6,DnpKsA1-QIE
6,E-Ax65ty7ho
6,E6eT-RYTVj4
6,ERewFOsVfLc
6,FIdTD8qpiPI
6,F_FStP2TN_k
6,FfCmegFDALg
6,FnQVuY-OQgA
6,FwcoqUUychs
6,G1Js1NUDAF0
6,G3M9uX_jNwo
6,GJixtsniqyM
6,IppANQk1bgo
6,IrSJ46-d7wQ
6,J6la_YikkQc
6,JKVINkz6pYg
6,K1oPPW72-QY
6,KL7H9R0i2n8
6,KkTwiUcyT3Y
6,Kor7ai1q6Vk
6,L6HpOO7MlcI
6,LVCbMsN4iRU
6,LjU0i7KC_dc
6,M-viV5DZ2mo
6,M_kr3FmsSUE
6,MkTZlRyXQiY
6,Mu4YE1JQ45c
6,Mw-5pQBbZvA
6,N03E0Abtun4
6,N6gZPo6vI1o
6,NMALMm6CJeY
6,NYb4EBdhRfg
6,Nc1LG2crAl8
6,Nqg18YLapeM
6,Nw1dcmao9Ng
6,OTmyNHTQ0AA
6,OW75wqz0LCc
6,QVf3F_kRVWc
6,QpE9R0Vga2w
6,Qq2AkhR-gj8
6,R0n2ADAvnaI
6,RAx7TSn2t5M
6,RUX3U6CIRXI
6,RV9nz1qlY64
6,Rlne7E-V4fM
6,S58Ut3seKAo
6,SYPFon69vKs
6,SvoyuuYmTNo
6,TSI0KMlepME
6,TUL61tw9Kk4
6,TYC8mCQ9E14
6,T_sy3dLwHkc
6,Tha6cqAIdrk
6,Tk6yYoVkdSI
6,Va_uw28gtSs
6,Vnblc4jfJHU
6,WJionSRkGyY
6,WbfKS_6VNY0
6,WgvHNFjQF-c
6,WwZhdDEzZxI
6,Xo_2o1NWYNs
6,XvVjV2dVijA
6,YAGe8dMUPrQ
6,YG5mxNm8nfA
6,YpMhZIRTgCw
6,ZD7OYFFamKo
6,ZE52hcZEmEg
6,ZlYgUNQaslg
6,Zyeq-4tvmqE
6,Zz711bmuUBw
6,_0Fbw_LmKVo
6,_2-8G2Ovcyc
6,_7DAOnFrg-E
6,_S-Xyfp3D3k
6,_hPNeB1nDFQ
6,_zpiBawwsGE
6,a1OIIMqWC6M
6,aFM4edoTEbI
6,aIH4EjHzRbE
6,aLEf70x_qok
6,ayGKw8JFqMo
6,ayzTwjLLXNI
6,bB87XrdpQSc
6,bInihYJPtEU
6,bcYLkJQVmSE
6,bgtkfhGBegc
6,cRoaZ3cfX_k
6,cir5VA_NAsw
6,cqbh-RneBlk
6,d1IC7x-g1I4
6,d52MZJw-hIE
6,dP4SmUFCrEM
6,dg51LRrfWY0
6,dwa6_2tu0Hk
6,e6sXkvmLwIU
6,evJHBLldMsE
6,fZwviNZjHUk
6,fbOHn5sOfHk
6,fxeoYIFpPMI
6,gIMLmTUKV_s
6,hAVZw4ddAQg
6,hTFkjOsMJFc
6,heXgd3ppTRY
6,hqyEXkgjTL8
6,hteIpYgCopE
6,iIn-mSObTok
6,igZjEJ_hiMo
6,izdQX3p--Os
6,jLAhGJzhdzk
6,jpuQVNXz3Xg
6,kgaNI0vNmPU
6,ki9LVteHpTk
6,l8mWvDUwOt4
6,lVs37MPl9ik
6,lkl-Yqfn1ZQ
6,lupTrIO3-y8
6,m0iYPZOBrd4
6,mL1IcxIUd5Y
6,nqoz0MAx1yg
6,o-Il8OcNAZA
6,o4twmh2JZdA
6,ojAabVC9an8
6,oswDpwzbAV8
6,pGm0Ry0JkiY
6,pRSLYvqU-tM
6,pWSCpHmoo8A
6,q4HfAk76fXs
6,qHxzp4HZ750
6,qJD60osc2Vc
6,qJHUh9h-Q84
6,qk-d7Api-Ms
6,qlVi0v1eNVY
6,r0rLCKvcqnQ
6,rK7_fkRAJj8
6,rOne1P0TKL8
6,rQbd3vcg-t4
6,rVZc9uT8qsI
6,rs8wTl6dSME
6,s1EVToS0mpU
6,sKCAlDpDESk
6,sqvbCs2XFkk
6,st571DYYTR8
6,t6dc0aE-liQ
6,tL9qyGP9ivI
6,tYBdI5zPyhg
6,tiy7IlFOBZw
6,tzvLFNmzbEA
6,uD9Iy_pXJdM
6,uKKvNqA9N20
6,ujlW2MobFR4
6,uoHCzYZNPzM
6,uqB9UyvdgoA
6,uz6rjbw0ZA0
6,vGTwQBCt3Us
6,vkj17G2717k
6,w3A_Z1J78HY
6,wqWlZTHKlv0
6,x3aVb983pvg
6,xULkxCsVlFw
6,xvs1BROM2LI
6,y9jbHCRq9Ho
6,yR5y3HHWmgY
6,ynUw0YsrmSg
6,ythWGHU6rjE
6,z13X3maPUAA
6,zALKxTOybxc
6,zAedYoTzrC0
7,-Rg82k2mxCg
7,-hKRscCvLKc
7,-yNADL6ldXY
7,0-YLLgjIQaU
7,0DcnfbMm8aY
7,1GF9AIIF-bI
7,2KANy5INGoY
7,2UHZSCu8D-8
7,2uVln2G2B2E
7,2yJg-Kx5hHw
7,30V1j_5hSus
7,3c7ay8Pp2Pw
7,42DNmOcJOlI
7,464sRS1TiEk
7,4cJtafGUVno
7,5q-gr1y3Cww
7,69mI5A-92wQ
7,6XwAesykIAE
7,6a4Bmxhyx5o
7,7XHNAs6T_60
7,7e3l2Ufl7MY
7,8RUiPfB6EGQ
7,8SENVlFBijo
7,8a-QlsF8Ixg
7,9-HvDFBCX7g
7,9AjnZv9u-vE
7,9EUXotvXZFM
7,9mLtLyaManU
7,9n33ukrwHII
7,Afuc-kLhN7Y
7,Ah6FaMHcKDs
7,AjvDC8-d90c
7,Avj93IBoGD4
7,BD5-SUHQEUA
7,BHAXf03MeAo
7,BNPKL13twLU
7,Bcn93NrdaVg
7,C4kiExwVA9g
7,C_8Ylqfl7eE
7,CfuJgJvzV_Y
7,CvnQ46bSagk
7,CxUnsFVIB2o
7,DMv5MVtKx0Q
7,DmTuZ_Hj8SU
7,DoA-a-g2o4g
7,EVjVYIUaz5k
7,Eh0k8j6gj6c
7,Ehwbf7Yd7AU
7,Eq8Ffc1NZFg
7,EvwpdIimXCs
7,EwDsNgaYg4g
7,F3_wW4qlavU
7,F3s8-qk6QG4
7,FQ5__dwi3dw
7,FnsvT5Iy-Xw
7,G58GTTVucpA
7,HLuzCzgxQag
7,HXcWknfC0vI
7,HmsNpfyNT94
7,HwCHhqZp68U
7,IYfVtPnyalw
7,IdjAMe09QLY
7,IwweS3o4nxw
7,J-pk1j1S3z0
7,K-nlw1G8i6o
7,K10-9rDXG80
7,KL9EsvtmlGI
7,KMYWS1AKVMQ
7,KRxgAqVnG9k
7,KzNCcPrpzeo
7,L7XHeCZB5KU
7,L7XhV52w3LM
7,L7xSw21YusI
7,MVBA1ZNr0wo
7,MYzSE6InYQI
7,MzmBRI8LoVs
7,NGFFxP96i7M
7,NMlv21zGARM
7,NNJ2ks7erWI
7,NbmjHl-hfpc
7,NkWYL-V8exo
7,OHqlBHF0sWw
7,O_NhoeLEzFU
7,OdOPKTw4J7U
7,OyhH7IovvBo
7,P27zA08gnp0
7,Pqas7d6MNww
7,Pz00iuorG2Q
7,QJlsr6rF5qo
7,QbKeuIOzhwc
7,RHJkyd6T89Q
7,RPQDTEn78D4
7,RVgKbDNYTVo
7,RhjsST-kP6w
7,Rk1f4uTTrIc
7,Rs3mxcY4cp4
7,S2clBVIMPBc
7,ScfgOVJiu_I
7,ShtjxGqGyGk
7,SmQy7n9Jt5c
7,So8J9sWuaVY
7,TQyO9DJW3_c
7,TSYK2pGdcJA
7,Tpzr0Q4kYv0
7,Tu5StZCHn4E
7,Tvl-X5wA5gw
7,TxSrVIkInL0
7,TzNXzaCf5bE
7,USY2CQnr4vs
7,V-HxYvS1JwM
7,V5CmStmeoVs
7,VDfDKLbac78
7,VMKBxhSjPLE
7,VOYWqmTJC5w
7,VgsadNfbMYA
7,VlN4YumRuKA
7,W7rX5Q6lQ2A
7,WAduukJfmLM
7,WaXGM9NHlYs
7,WvP6gXLh-KI
7,X8yN8kEyNwE
7,XCVyAn0rMDs
7,XFXpxcAOk_M
7,XVm0PRZK2zY
7,XdhPcuJ9s3Y
7,XdlhJiEDqJ8
7,Xmje9-_r8Z0
7,XzXY_4QUgiE
7,Y8eOjtqOfcU
7,YIgx-88rx1w
7,YdFWicb72K0
7,YkA_v13q7i0
7,Ykt3e1x6Z_U
7,YpRT_RvQQUg
7,ZH9WuRmw-hw
7,ZXVQ5oq6GvY
7,ZXqQGuAt7SE
7,ZwJWQqXLAyA
7,Zwpa5RB_6gc
7,_97rh-FUTkc
7,_KEEVhs6XM4
7,_bjK1bQFXkI
7,_eX_lfgaIiI
7,_gbnUuUaznw
7,a1R7jDgf12E
7,a2YQv41ZOi8
7,aGpOkJWOrfc
7,ao_GBKI1BH0
7,bQTdFWTPKc0
7,bvyxS62guos
7,cLPjjeemjvE
7,ctLaBEgqi_0
7,d3FRgcvrsOE
7,dRWWmJhw3fI
7,d_fM8h40Tyw
7,dkMiEQ4Pq68
7,dmm_JYWBMKc
7,eH6cvxSJxYA
7,eUXGCS138Fs
7,fVZ8F5Y6Ecc
7,g0ZV5AnNtVQ
7,g2huCaMCwrU
7,g8GsE-o4LyU
7,goA9n8uZIms
7,gwgsVDt-x18
7,hLmJ0PPXduU
7,i9Qw2wOigDU
7,iCqeiuDvxt0
7,iTID_s11KL4
7,ignYOa6W1dA
7,kBW6blrzKIE
7,kLmTNZ_JXto
7,kse7eCBFUvI
7,l6iPIw6m_v0
7,lajWIu9ZTt0
7,lhhSPFFlvQM
7,m1a_GqJf02M
7,mztp74-kx0Q
7,nTzZrA0GRoM
7,nZMmg_lLb2U
7,npoD2pV1u6E
7,o4u2lfTTgJg
7,oGMCA_aUY4c
7,ox4ODQyVymg
7,pPKx-fon1nY
7,pSiO2z_d6ok
7,pTQFNEb9Tkk
7,ph1Pzr1K08Q
7,q76h72xQVRg
7,q7SjsnRJjEQ
7,qz7yW3gYbPs
7,rB3CgSeWycg
7,rNp4bYMkkZw
7,rPU9rTDKjNU
7,rWNxcCgtfA0
7,s45nVEPh-Ak
7,skOJMUYhgQ8
7,trhZ0NZjzYE
7,ttYGs2XVekU
7,tx4JuLDP95Y
7,uQ6LNtWS4No
7,uab2PafUoS0
7,uaxaot7t3Gg
7,ugRH3KHcJiI
7,unsVwBXlybw
7,urpuVrimPRw
7,utOlXIEFe-0
7,uw1TJ87jGAQ
7,vm1jJbsL7Zk
7,w2BG5FEAmfk
7,w6IFBnU92M0
7,w7GPMycDVho
7,wR5s9fHUbBI
7,wWxhcyK6yVg
7,witO0Ce6gMg
7,wwTlEhh8d7M
7,xOqWT2tk9Js
7,yF4PIWu_j7E
7,yFl2SvSVLK0
7,yU82QyNq4Qo
7,z2Cdc50jZ38
7,zH9H2FATd8o
7,zdEC10jEpns
7,zzPi1eEbVls
8,-B9lF0KwDJQ
8,-FC7l2kwElM
8,-pYiu4cDAl0
8,03JKR7VYnd4
8,0U3Y2ONzmZs
8,1LUaHgWOIOk
8,1m7zkTsn4m4
8,1ukzeQvGL3U
8,1wPJeU17RO4
8,20SuyGiKE5A
8,2JYzH_CZ3Xo
8,2QNnkbwOk7o
8,2eRJGlXMcZ4
8,2pbn3d1Xrts
8,39M9sCc_9P0
8,3CrCoGWj-ZQ
8,3Qg7cgCtU9Y
8,3T3V7fwbUPc
8,3n06PFld0Oo
8,3wVpVH0Wa6E
8,4aaArIpnI0s
8,4d9EvNXtST0
8,4is5OaY1hf8
8,4rDTnRGmVBs
8,4s0WnLXQQLs
8,4z09fkUpNEg
8,57dEPP67XrY
8,5E6egt8Sa5M
8,5Jr_Z_Su-nQ
8,5WBMpJWOsbM
8,5ZqNX6YeH6c
8,6womrUiGPyQ
8,7QDBGPRjE4E
8,7v0ldEgEKVY
8,81zbtlOMTzU
8,83LOa-dYi_A
8,9JXB46dZbrQ
8,9L4_RR1LpeY
8,9mny53mCJgk
8,9orPiY2sO_k
8,9pXwAQtFlO0
8,9u_ZFkb_cvM
8,A4YVGwNGX8M
8,A5Zzf8YHsvY
8,AEG6bZvnRqk
8,ANm4uBimRXA
8,Ac0OfNNrViU
8,Aq3rBFt470c
8,BAhXFhL-ShE
8,BEHl2lAuWCk
8,BqRLYI84WYU
8,C8CtWqsW4B8
8,CByda_hbPK0
8,CLuOGBCHNW8
8,Co-P7myklMU
8,CtRyhBz29DY
8,D0xM0O5BbSE
8,D1y1qx_61Yw
8,D5_NA6uWl0w
8,D95rMNWNDJ4
8,DE7qgWJAOGU
8,DU_y85NlSeY
8,Dfo2MMGZTvU
8,DtF7PGUXrPE
8,EkYO978Yy8c
8,FBckMGxibEQ
8,GK_yOwFPsqE
8,GVu91EISH_M
8,GeYnJkI9qks
8,GsZOADeiAe0
8,H4Gll2P70Jw
8,HJOf2mPgbF8
8,HLy73g1lxoE
8,HPBLgpzRLu4
8,HWTttz3GQZ0
8,Hez3iG9i94A
8,HsDOCN2zsno
8,J-GIx1As6Ls
8,JAJ_P4lFl2Y
8,JOw_BgYGX60
8,J_NzQ-76cOo
8,JbiJdCP-8eY
8,JzGbfpisrkw
8,K7vjWBV0ddw
8,KQZZhSxN5Yk
8,LEPEk5pFffw
8,Lcy0zs3szEY
8,Lk2xHluNcwc
8,Lko74k2eqNg
8,M5KiFrcO3KE
8,MTDdk3_gGOg
8,MibYgP3JqAQ
8,NPTqZrB9fjs
8,NaRwlxmTwdQ
8,Nhdrl5I0SR8
8,OAwPdypSi-w
8,OKX786ZEGK8
8,OrB2XaQcVjA
8,Phk5leTwPFk
8,PjDRm9sR77E
8,QHlzbsV1ZmM
8,QNm1ndUOI0c
8,RJq_rnadSX0
8,RPf2D-N7sSs
8,RYRvGLg95rY
8,SKSkQvAK-Es
8,SMgqD6T7rpQ
8,SrWxi8wXqxY
8,SsupJYV9FQU
8,T61j__6Hj0I
8,T7kEDSuss9A
8,T9xme4cFmmk
8,TdgiQ-9dXFk
8,TsDsHItEppc
8,TulqSd1fHPA
8,UN6PoeLUWpo
8,UTiFshG_xuk
8,Ur-V0YsKTFU
8,VeUe-vqLmmY
8,Vh9g4BvzGU0
8,W2tBSaNCl4E
8,WYTm2BiDwX4
8,WpuYCFnKaJE
8,XAcNR3jZQ4M
8,XIAOnZ7iDAs
8,Xn8GcqwGaG0
8,Y0IPv_6v6po
8,ZHYIXonplmA
8,ZOZGQeG8avQ
8,ZcJLtLnPGs4
8,Zl0tEUs7j10
8,_-9EIffMdgM
8,_96XOQ4OaH0
8,_FTy3q6SbcE
8,_OrkCeeAyVg
8,_dktouDGUgY
8,_rdtXmtCpow
8,bbIbXHgVdso
8,cCMPDA8heuc
8,cxSIGnlUgYo
8,d7rSpGVmqCk
8,dGEdc8mVc5E
8,dLXPed-NZlg
8,dmjfdHquxyQ
8,dqwwQ8r0rV4
8,eDUeJcI6dUo
8,eH-G8rBAHEQ
8,erNOoh_BZnY
8,f3YaatS6BEU
8,fJmbSEvmtJ4
8,fdZernkVkWs
8,gSQgbCo6PAg
8,gWK1-0RkCrY
8,gYYBOvZqP-Y
8,gn-r6sAOOCo
8,hcUQ6myoZw0
8,hnm39Xtf7g8
8,hr_C8z3dVSs
8,hvLIMUIEQts
8,iKHPARxUhZ0
8,ivb8OFrHNck
8,j3DxEYLp4eE
8,jBlEFELn8YA
8,jmGt4_IKfVo
8,jtsfz0SVDPg
8,kAuSb_BZIto
8,kFNEmQA90lc
8,kLZyiRAKyK0
8,kWOt-F4tLmI
8,kWyfwx4okoI
8,lH8tBEgPOis
8,lYuMm_9h2lE
8,lbtQJXSmVDs
8,lc7scxvKQOo
8,mABf0LN9Jus
8,mhpDcz7s-bQ
8,nQaO6rew_kQ
8,nlaP4_SzVr4
8,nolTvDxFxQk
8,o0btqyGWIQw
8,oOBDkAtiVhs
8,obshuMW2bMg
8,oxXpB9pSETo
8,pJZYd_65xs4
8,pZGcHi7fb0g
8,qWenBNfboHE
8,rGlIeQFgs80
8,rXn6tUTvpaM
8,rlAHeJ9K0ck
8,rxkGV6lUbsc
8,s-3PWXBYhE0
8,s2Ao2BZiEEg
8,sAHOro8nd8k
8,sXJ-1mdoLsQ
8,tHrC1KXG2Jc
8,tYFaTp0RYbY
8,tnTtx2qJkOc
8,trMtoJeO7ac
8,trgv90GusRw
8,tsQMbPt3FsI
8,uI3MgaFrKUw
8,uZ79WO-91OM
8,uuTo3yEPRpc
8,vB5YOxt9f2s
8,vtO0ASfaXmQ
8,vyyxIbzY-DM
8,wS6JawZvQVA
8,wiMU6p24B2I
8,wsuw3WceZXs
8,wvQRvmBg09s
8,x0qTeImZ7mM
8,x4XXH016_u8
8,xgCyG6haUq4
8,xuYoMs6CLEw
8,xzvcYjIBbcM
8,y9uYM7_NiS0
8,yTTOaYYkE68
8,yxFMjTaiLOY
8,z2q4o-Xnngk
8,z5eer04K5wU
8,zBnAI9-Uvfw
8,zIMJC1_AQH8
8,zqh81y2HpBU
8,ztkO-pu4680
9,-9NE0BKE51g
9,-CNBZToyBjo
9,-lEfgbkpOSg
9,-nHdeuh7bVU
9,0Ab-F7Y3IXc
9,0BMGH1UMgR8
9,0DrBuvGb0dY
9,0HjDpPnxcP0
9,0O9uWMOodLA
9,0aUwDMHEANQ
9,0ruHOaHrGnQ
9,0zm1t0BYIj0
9,19fQAxys9q8
9,1F_fzlUGBBs
9,1nAm35ijKls
9,1veWbLpGa78
9,2mzAjK0S8G4
9,30q6ImmrJ1s
9,3LOcUqw3aMQ
9,3TQ2FNA4rU8
9,3bknRrtM1A4
9,45dQ0dzFDHU
9,4LopWnCmPnI
9,4iKtNlzH8Ws
9,5-ahnFYzMp8
9,55ghIHTaRzM
9,65exdWPgTaI
9,66XwG1CLHuU
9,672XDM9grlw
9,6FmXjxdDBRI
9,6PH88aAL7hU
9,6vFeM85Le9w
9,6zjsMHOdlBE
9,7p_3lITiK_Q
9,87apsUBWCFU
9,8D2DqR42aWs
9,8JOFhNWZix4
9,8KsnjwVSjZ4
9,8YmGMkTTpwU
9,8kZuTdVeZsg
9,9TOkEUCCwrE
9,9aDWIRqv0JE
9,9rx7-ec0p0A
9,9tIjwBVr6jI
9,A92_B_mnO-I
9,AFtUpMTs4vI
9,AbILPD3ZsZY
9,Aw2dw_qwML8
9,AzIT3pbbZr8
9,B4kwXcfv7Is
9,BfhV3Q4LJPM
9,BnBvlz8EaZ0
9,C6YdlpXU7Mw
9,CPvoejF9k2o
9,CQHgngoplY4
9,C_BZQkU5Cds
9,Cdlm-hgPcEY
9,CnH2YaekpJc
9,Cur3b5NX_nk
9,Cyuqy4Eb_I4
9,CzAuMkm4zSQ
9,DE-5cdbhOo4
9,DKhCmbcnAC0
9,DLd4-ASACNo
9,EJ6R0iSZCrA
9,EVwBwgLDlVg
9,ElEUmKrxwZ0
9,Ex1UuIMhSnA
9,FFPZZ_8fyXA
9,FPhg_ZjrPtU
9,Fi4U4qUUNYg
9,Fo2YF5n_D04
9,GfGUQNuyRvU
9,GmrFxu70gBw
9,HnwzRmqbWwE
9,ILs7KzJDK-E
9,IeTSqg2p9MY
9,IrSId1yLTSE
9,J2khSYZC9ks
9,JDngkXdcF1E
9,JNYjRmNCu9o
9,KTssSkY_22w
9,K_I0o_NKlgQ
9,L3N1jeBp7H8
9,L8I6d2Axu7c
9,LIoqSAH0L-g
9,M53a7ApVcUw
9,M7FIvfx5J10
9,M7y_vUYGQ_k
9,MXO1nMcIdbI
9,MbsHHAYWIHY
9,MyuDkTuwws4
9,NRdXOr-uYlU
9,NXWGudS8DV4
9,N__H4N-eTJQ
9,NrQoof1F2cQ
9,O1kZhFOcf1M
9,O4pdNnSi0m4
9,O8STSlFNCTo
9,OjjoofsrXgs
9,PKbHvC5GkBI
9,Pst9FCWkKTQ
9,PxuB8PoIBj0
9,QYjrsKDIDzw
9,RDEgrtPGQxg
9,RVEyf3rHczU
9,Ro9arMMqI7M
9,S1zXGWK_knQ
9,SBXMlVYsq7g
9,SCDcM9Y317M
9,SjUORSDxfcA
9,Sry0XhET3oc
9,T0RRJdsIww0
9,T0pTtj1-u9E
9,TQZg6ExWu2k
9,TqkfvVkG22o
9,Un8Xjh1R6cU
9,VGa1imApfdg
9,VHjUjXj6Jmw
9,VZJpbY1ZAgY
9,Vf7C6ys7I9Q
9,WVH5a8ix0-I
9,Wk2NDzdogmI
9,Wn6fddfR9Ks
9,XSKQtMYemaQ
9,Y6lGI1SsYn8
9,YDgKQYfeBTU
9,YG6ZvclFENs
9,ZY6u0nImtew
9,ZcpGJTI5GsY
9,Znw_Zf3u1j0
9,a4qt2kCbpUY
9,atCrnSuuG38
9,atWOKIVZylo
9,bI4uMsK3g2c
9,bLVKTbxPmcg
9,bP4BgkPGG9M
9,bQoJqDi8490
9,cDQLhK-flVE
9,cPtvz4TwjBo
9,cxVr_Pxx_fI
9,dGFPi5sZUGg
9,dGMgoa8Wb0I
9,dUhM-zRmrIs
9,dxrPeFKtUwQ
9,dyoIB19vSE4
9,e2Rxj2z4HZA
9,eDhWE2m3LG0
9,eV_753wIUzo
9,f9NbYQMjTbg
9,fSNLKzEp_L0
9,fYtteIuAJ7M
9,frWQ8bm0TIg
9,frX8GujpmkI
9,gBjCIgTGiQU
9,gHGDN9-oFJE
9,gx-zPheFnHo
9,hck3cXzg4_M
9,huRsr_o8upw
9,hxwIAVqqYak
9,i6sh7vPJDyw
9,iCmvz8rDYVU
9,iN3pKkuYqtM
9,ifuO7QB0i6w
9,ifv66tbubJs
9,ihRalneNRaQ
9,itZrXHWEoWI
9,jGY-T4W-BOc
9,jILf-8GpzDI
9,jXmiu_nr22Y
9,jk6sz25OZgw
9,joRjb5WOmbM
9,keOaQm6RpBg
9,kkpPB4IQhMU
9,lqT_dPApj9U
9,mFjAWpMuJHM
9,mOlR1bNHFec
9,m_s4kOrzHUI
9,mk87dyA5qeg
9,mp2YxSG2sik
9,nMITXMrrVQU
9,nU8VYRQu13o
9,nz_FOBweeKM
9,o-Ikkh5oxuo
9,o-hXJfMwGlc
9,oKC-FhSTNX4
9,oefBfed016I
9,p5n2x0ox47w
9,pDZB9pmrXUU
9,pGi3Bgn7U5U
9,pKa_u31EJwU
9,po0jY4WvCIc
9,pxAhlnly_4s
9,qIx-s8GipIg
9,qqZc3jGXTJY
9,rQo6zr1nHvw
9,rdQrwBVRzEg
9,rez8XuD1XKQ
9,rymT28Z6KQY
9,sAqSfkijFqI
9,sGjQnGio5mw
9,sIESza1wLtM
9,sMCE3x5EKPc
9,sUg6s-uIp1w
9,swrBAmINBEU
9,tMyCP7_L6dA
9,uKMDq7qzUQI
9,uh1_Qm4gSUs
9,urtsl6XsmO4
9,v-EMKs0iEfY
9,v4UfGK_ehw8
9,v5iV7Qyb17A
9,wafe6kDBb6c
9,x01GwK1XZl4
9,xKu5MbiHEBw
9,xnZggbD1Ses
9,xsEMjWdgRdw
9,yAjyvT5xzg0
9,y_7Sv2Rkb5k
9,ybRXPWdZHxw
9,ylZRZUvmRXw
9,zCXMx7RcZ5I
9,zR2XYZNjaoA
9,zWfX5jeF6k4
9,zuXnBDlfKfo
9,zwHF9Yk9al4
10,-E732o6nEOA
10,-K4eqL1mxTI
10,-iLfn2l6TEI
10,-sXOnWQFLiU
10,0ffC2sF-8Uk
10,0pfjlFJmja0
10,17y-_M3mp2M
10,18-lgTTBKzk
10,1c8n1u6_e4E
10,1hy-iZegq5o
10,1pSIBHmpjso
10,1q5V6DKH3bw
10,2MglC4tBBic
10,2cD54Cfsluk
10,2eX3XqUIWHk
10,3Gbgi_Pgm8M
10,3huX5K_kIKU
10,3zsZbmSUwhM
10,42ZG_ZyWB8E
10,4MOi1cjZFn4
10,4O09aWWOezc
10,4Ri__5QDfJE
10,4VQsZsQ1w8I
10,4xog_J7Sf9g
10,5PFmF7laFqw
10,5xz8QbkqcqI
10,6-fIq3yp0NU
10,67VMLVeOVjE
10,6O4Gzt_I0UU
10,6jFwhbMnEYw
10,7auUcwBsuAo
10,8FMGIuHO3tI
10,8PgQ5U-ISJ4
10,8W5weOemWXU
10,96DF74Y1MmA
10,9OkGpxHPy9o
10,9PZzfbCohR4
10,9V2CJqfVytM
10,9f5YtgPGA2o
10,A4037xEMpyY
10,AKXx2hL_4YU
10,BMcHmmqfEmg
10,BWJg_fG7pP8
10,BrNy1P8s3oU
10,C3q023WGTt8
10,C7jG_1xI7-g
10,C8W2wo1INDw
10,CHTlh1KocBQ
10,Cgdkn62g6ps
10,CnlFIYhCOjw
10,D1wAkdGfVsw
10,DUjUiiRRACY
10,E62Ag4upwJw
10,EJQ3U3J7uA8
10,EZ0HaGSuls0
10,ErRkFlqmgWU
10,FOS5Yy7tCUY
10,FV_5rKc6A1Q
10,FhQGzEWhZ0w
10,G-aCn0cWie4
10,GQ74nV6dB4o
10,H9v2pozLp3Y
10,HKBuFDuuZ1A
10,HSJv4Dt19WE
10,HWyOIf3cK1E
10,HaWYSbSQ6xg
10,Hwe3mFcbzkw
10,I-3IVrIifc0
10,I1JCWc7s6FY
10,In-77TCkAMY
10,IwHwUj20RUA
10,JDuCmZtfTVw
10,JSHHCPanX9Q
10,JWUNwbwKShc
10,JZR1Y28Yogc
10,JijP3ROV4IQ
10,JqGxIn_9hqw
10,KDo8n_7_2YI
10,KK5YmPm8Lq8
10,KisMteuIaME
10,KvslMBaxCJA
10,L1f6ojSmziw
10,LARJXdLXPpk
10,LOWL1VLzkEg
10,LbNe_8rm5Mo
10,LdMocRMNgM4
10,M3oPwRpU0Jg
10,MSV66NzhEFA
10,MU452bSfFwQ
10,Mys2eDkxI-E
10,N7qcoUKZ4j0
10,NMp4UDNBucM
10,NVvgiSlBovc
10,N_YIjd7oRDE
10,NmokANAoyeY
10,NnZPJtPgWos
10,NuFdeg4k9bw
10,OWmnD5etg94
10,P-Hd8uUjOiY
10,P1ZgyZf1vvE
10,PHc3NTDpbso
10,PYhylUgiotI
10,PsrW91PLvJ0
10,QIH1WQo1RXQ
10,QLgrOVVuPlA
10,QMD-mFy6CgI
10,Qc7ba0J6n60
10,QiZvctolqFM
10,QjMoYbX0W_Q
10,RZCu681Q89I
10,Rox_u5A-CHs
10,SGNnpkzBS6g
10,SGVgNKmXjeE
10,SKezlwYH-s0
10,Si9kXig6BVk
10,TOXWUs8YXZM
10,TVCfcqvWU9Y
10,TXbmH_IZg0Y
10,U3F-mJ0R9i4
10,VfuLNVIPeyg
10,VlOQ-p4lgOw
10,Vubc4TcGSYE
10,WrTf6CaTTc0
10,XSbLRZQt_k0
10,XVX9IPXPlHo
10,Xgjzdd41lN8
10,YFjTUpttfic
10,YM6dGA8PGVg
10,YPmn9LB8J-M
10,YR13Xjojpwc
10,Yg3PeOcB2R8
10,YhKMPM1uYZ8
10,YrNVri1OGAM
10,ZwIyuZYd7NY
10,_BzKT-_WI34
10,_DxPeGNRbdk
10,__ImmlJGHJ8
10,a5bq2J9djWw
10,aK82OxF0DdU
10,aiM5-iNd6uk
10,bJnHeKX3_6U
10,bVXhzi2uvaQ
10,bWIQ0S1G1GI
10,bvgeeSgEQIk
10,c6XY26i5vys
10,c9BjvFieSE4
10,cEz8-oywKUk
10,cLfEcgowJSY
10,cVT-7N-KvHM
10,coK5jKRgGzE
10,cz7TZB_mal8
10,dhBxrfETXJA
10,ek2bHe4LPy4
10,evK2ypdT4dE
10,f2EiKzBPlAc
10,fZc7_8EpsIw
10,fxIHrs14Qjo
10,g3qE-EmO9WY
10,g6giBS5190E
10,gd7XlsIF1Dg
10,gdGmYDz_d6A
10,gxIDNiZ2Ul0
10,h-jtaIoSjd8
10,hSph2ao6FCs
10,hdxlby0ea5Y
10,hjd9Vaqdo3I
10,i0_AjZ0bvDc
10,i25Yh49XeoE
10,iAQIvVBwCxQ
10,izRnGmGzC2o
10,k-0NS9i2Fjk
10,k5DZg-6BexA
10,kHb1SE282qg
10,kLJNn2FjoW8
10,kgJC_6YjypU
10,lWXQaJF0Hho
10,lcadeWrWtjs
10,m3Z6uJ7dtXk
10,mWxCKBK42Dc
10,mgVQIHUPvNQ
10,mooYUcLejVo
10,nNnMoDTax9Y
10,nRgTpJpD7yI
10,nc80KmHC_D8
10,nkuplWiHVM8
10,pB_bQ9U5bl8
10,pkmBbkvqi4w
10,pqWnBR0N5Hk
10,ptlQlMSktV4
10,qNfAFfu6VD0
10,qRm9U7m_6so
10,qdQH0SSPhtg
10,qfw747Nc35Q
10,rKPpXAfc77k
10,r_eimJy8aDo
10,rcaMhGYPO_E
10,rjhQO8oNEWQ
10,rs4nB4KUcp8
10,s20scqZLROM
10,shNRJVs8_Zo
10,t6WT5sxsSDk
10,t6lgsaDoU5Q
10,tcj9j9VkGuQ
10,td14qs_XX8s
10,tkdtvtBeK-M
10,uRTIVZbYb_4
10,uU97xeiwJDU
10,uaSjlHMVn9g
10,vR6BAzdHwog
10,vUMPouD3dSI
10,vcOUYK7E6dE
10,vfzUkUunohY
10,vx2773eSbec
10,wIuebkHbPUY
10,wOf3OKhY9LA
10,wXZmJbvAKhc
10,wf5TOFEb_vU
10,wfv17ZKSs6w
10,wkPhaUD1NxA
10,wnUv--nvuIg
10,y72--_gUtLI
10,y7R-sNdF8fE
10,yV0w1KkfcRc
10,z6mWFGaSMzQ
10,zfQdSg_C1_Y
11,-LYh1EsjsIM
11,-mvUkiILTqI
11,0Gw9eszCMSM
11,0ICU2SfT1vg
11,1EYyefWglh8
11,1Nef8LPO-jo
11,1WSlYRdBVhY
11,1aA1WGON49E
11,21343F7zG-8
11,24goEOyR62o
11,2JQs_UQAY0o
11,2NSSU6KWy4Y
11,2Qec-o2asVs
11,2f2k6iDFCL4
11,30xLg2HHg8Q
11,33zJIW-k7hI
11,3FnEJYrMCAg
11,3QdNsTPeZWA
11,4DvxwD4Qm3k
11,4OdmRx8noYw
11,4VnxxRMJvSE
11,4X7nIT34pLQ
11,4_xEgnbLL0w
11,4gwRn6UOxuU
11,5Lc9PbYkI_E
11,5NRIxmrSfTY
11,6Iz885w1Wrs
11,6N1XK8sIDvA
11,6VKjNsTGOvQ
11,7mYK92VuKpk
11,7vqYg8IKWls
11,9D7XvNqFbwQ
11,9SGAGTdwC-k
11,9ZS7SqedwQE
11,9wJ3x7OECFs
11,9x2Rlpoxcr8
11,APrALJLAtHQ
11,Aeg8ZDZDszk
11,AkW8nNGVrOM
11,AmedVjF1ZgU
11,ArP8bzXWc_0
11,B-8fnn-aRuQ
11,B85oQ9KfwRg
11,BAP7FlNcJdM
11,BcKjog97yho
11,Bi3G1lC51Po
11,BoJKL8n_Fi0
11,Bupe4aCg1Aw
11,ByOU5w83JcI
11,C-iEmliIRe0
11,C1MxUYLOyzg
11,C8UiA1LSyig
11,CDz6Tpl_sVU
11,CZc2YGltExk
11,CefO00lwEMk
11,CjEw9912N3k
11,CwZJ8gaTxTM
11,D14qZFAzctI
11,DB6vNCo-xDY
11,DCyM_6n_Pgo
11,E-JhLbNzKr0
11,EM4mvmoojqE
11,EOvq-niOTlI
11,EVVKJcx_JPU
11,FTPb5z5GGd8
11,G8P8pEbBjns
11,G9HtDTrquYg
11,GvKhW65KtiE
11,HA91bSyDMcE
11,HHmjxh34QpA
11,HUBhy_3vWu0
11,Hvz9jGyeuWw
11,I5Gd-C27wKM
11,JNauPL4F5-I
11,JyiQjhCxpyY
11,K9qeSDxedVY
11,KQp-e_XQnDE
11,KtcLBrr68HM
11,LK8bJ4HGct0
11,LswF4-zjke4
11,MLRi1cHdsEY
11,MMHIqMfLw-U
11,Mj1GIBWZdHs
11,MuqHpP6QsuE
11,N2EAwiqv8B8
11,NCWW6yCIPjs
11,NxqP90FaIEQ
11,NxrXDCyO4xs
11,NzyqtW2qG90
11,OCHfhrMHNOw
11,OEtyIZT3-_Y
11,OZgdWl_477g
11,OdSe12WFt2M
11,Oo51KBdURMo
11,PIZukZRWaGM
11,Pdgh32SAGeo
11,PvJuocemHS4
11,Q33j7B1ZQ_s
11,QS7jW0A_J-I
11,QgyA20I-Roc
11,QlRf_4nH_Hs
11,QzHw4vDqH7U
11,RlXLJ4NWkv0
11,RtDA3e8gwqs
11,S9i17_aLhtM
11,SOFdcdYc-SY
11,S_nohKEV7X4
11,Sn9QMu4e9kM
11,SxFKoMSfYRY
11,T-SzoGlxeMc
11,TNnhiH99aFA
11,TlyOzKV0c94
11,UClQlQ6b080
11,UTD8u8ZWWFA
11,UseiuTXcJNk
11,VSunVIcRNVk
11,VmYo_ZbH2Ms
11,W78P63Sz0mo
11,Ws4yQAaWjwo
11,WxD-fj3g2qI
11,XA7oQXrPaOA
11,XWq5kBlakcQ
11,Xv7Z31eimIU
11,Y80qIXZ-pgQ
11,YJ7XL7p7vVo
11,YbiFwOLq1OA
11,Yj_HxuAtf8k
11,Ym0-s8st7k4
11,Z3Iur4wEbsU
11,Z9P_qUDBR2k
11,_D0beJ5pZrs
11,a6-WP9aiShE
11,aMPFED3aNSk
11,aQAauVu2sTg
11,aS5gAwrSW2M
11,afzF5pq8u2c
11,bNnn-IXSxSk
11,bgxhq2iP1Sc
11,blnCRx1d5W0
11,bluUxKIB4pA
11,bsfaGlk_9GU
11,bxh1M39LDFw
11,c1npkEoEtos
11,cEh8ZupUl9Y
11,crVX6FlqZlU
11,dEcuU5o_FrE
11,dbdTWzyEZ_w
11,ddIyPa9xLGg
11,dwgouljjo7A
11,dxI6dQOKZ5E
11,e6rglsLy1Ys
11,eSWMk9ooW2Q
11,eu4sgWapg8s
11,f8Chj01PeyU
11,fPGnDy4A4-g
11,gadjsB5BkK4
11,gr4jLuqrzbw
11,gzPA-YKJmVk
11,hHYtYGh_QzA
11,hXbrXcvDSNA
11,i6bkK_UliVk
11,i7We_Z58ORA
11,iEpJwprxDdk
11,iLyQdYCXTU0
11,jKhN_dxHiqI
11,k8gidJZ1BNA
11,kD4dqNwPcps
11,kLDP-4rvlkY
11,kaYRlmHWM6o
11,kkkwI7a6ot4
11,krgv5E_eJ3Q
11,ksU3djH9_b8
11,l2ozhmgmOHs
11,l4IEQynsmb0
11,l5XIjcfB_Tg
11,mJdNMmyzA2Y
11,mxW_9MZ-7dc
11,n6wMuaLhUyw
11,nOM_9siCBDg
11,nPbpoNGabHo
11,nUgoCbahm9o
11,nwFOZX5xlqU
11,o38uA7J6Mrg
11,onOvU90Qns0
11,oq81Jg4vLn4
11,oq8cthEvWpk
11,osvVHE9l_IE
11,pPE15cdsnlU
11,pq7HTM6IePc
11,pqZFx7db9js
11,q00xPf6_qys
11,qbEnWgoaANY
11,qn7kqPcyQk8
11,r2P6c5tzvM8
11,r4dLqaoaSmQ
11,r9B4VDSRK2A
11,r9_f7jf1qRY
11,rLmkMJnm88Q
11,s7Tsd7g98ws
11,s9LcmkXbre4
11,sFm1QfgBwWw
11,sOlyzgI9AgY
11,sXeKFde2LoI
11,t-D0HoporXg
11,tlZwYsJpqjo
11,toH8EnogRCs
11,uPTfhw25Cl4
11,uRCSj74bNak
11,uqPR1PBH84Y
11,uxo2xIBe_0Y
11,vwk8L_SuDEY
11,w404W4-6zmY
11,wSTA1vOeTLE
11,wW-e_C9BryE
11,wd42dCCQXUM
11,wsiWN601TdQ
11,xHmRI0uYEVA
11,xrTab3HdD2A
11,yuXEak8Gh0I
11,z6vwVUYmv7I
11,zX5L5YuIHeg
11,zb_g2kVRHLY
11,zbg78reOvKU
11,zf74KGVOhm4
11,zooOUAKEpCo
12,-2-2NXRP8XA
12,-v5NEwCPtEM
12,0AFOoS2WnqU
12,0F6qWd5X_cw
12,16gAq7aSZ38
12,1Y0u073BwLY
12,2IXl4qJGrRk
12,2eSHjV9a-OI
12,2uCZjqoRLjc
12,3fZqjfJhUGc
12,3qywpyYEye4
12,4iV3lJ6MZJU
12,4vcDiJi4WiM
12,4yXZMcKF_Mw
12,5BJIbvAB-fM
12,5LHGRksE6GU
12,5MCQuZkNomM
12,5ToWY_BYb00
12,615lNmMiOSQ
12,6MTaFMljhF8
12,7Bde600JGr0
12,7CUTeMjRXUY
12,7JI1QagS_k8
12,7ZSSQBMqRg4
12,7kfSPmZqfiM
12,7rndou5-q6E
12,7x8hiM3KuX4
12,85ZicYaZsbQ
12,8HH5ZjAMpuw
12,8T7ORmqJH_w
12,8ebDFmAasOM
12,8rAiTDQ-NVY
12,8y1faU8XtR8
12,9-iXHk6jOOs
12,9W5NNOkYqeE
12,9vHCEXBR7Go
12,9wJ8qkL2KXs
12,A5NBmA5kEd0
12,Az4_n4Lxx_A
12,BUYMqwsuv_E
12,BUa-880fO30
12,B_a_FR7Sk9A
12,Bs-CSkGKcAs
12,C2lKoKGrG5Q
12,CMBVIIwvI6U
12,CN4MLQdy9eM
12,CowrvW_yrPA
12,D711T9V8kTs
12,ERsddwudX1Y
12,ETiSMS4i1as
12,Fey6xVCWxzo
12,Fsb7nQ9crn0
12,FwfjYIesINg
12,GczlQqrPZLk
12,H8N0h572If0
12,HFMwF7SeRhg
12,HflJfC2Nzr8
12,ICZBU45tshY
12,IPxqvPrnTtM
12,IQl8L3yR5WY
12,IY-nJuKMLEA
12,In883AKJSBE
12,JDzWyTjdcxQ
12,JR6YyYdF8ho
12,JoTQjCJws2A
12,Jx-4x1ke9ro
12,K1axIgJ1VC0
12,K7alv3d1Vh0
12,KDUX73ZAATw
12,KQp-e_XQnDE
12,K_QswUrT5co
12,K_jnj7poZC0
12,Km-NwbYAGI0
12,LMj2IrzgISk
12,LVvxAI3E3w8
12,LqLD31PiPcg
12,M8nGzF1I_SQ
12,M9aSrQ_csWA
12,MZ-O6RHm0hA
12,NzLIIBUHDes
12,NzQ-oUjQfpM
12,NzpQYLZByQo
12,OI2ZDIP0ZWo
12,OIAsqsVb6yA
12,OOBHQIIW0xk
12,Oe5KsattH3I
12,OfF8FcPrSDo
12,Ot9vck2gk1w
12,P4nRQRMxkqo
12,PQooLNCz4yU
12,PW-6MpkQKIo
12,Pd3afo789Zs
12,PjtHeNnQvxI
12,Q5mgEDHDlSY
12,QCMq7ckNOt8
12,QH-V0Lt5C1g
12,QjNuahgAmRk
12,QnGNQXV5vaE
12,Qs_OphQQ1Qg
12,RCLR2-w4fQE
12,RMkkYAf18Xk
12,RqpMHHeOXVY
12,SPFsoPqnwY8
12,S_TmMUSjd1E
12,St7lvcLX2AM
12,TKI39Yeriq4
12,ThPycn4tXtE
12,UD9-tptt0bg
12,UHDBEofBe9g
12,UPa9N2xcPsQ
12,UbCKGtTeXP8
12,Uxh1D0VijuM
12,UyStA_FinfY
12,W6o7IiSaoFs
12,W7K1lXgqjSA
12,WZ0peUtKWNA
12,Wne-gxFn3uo
12,Wojiwfwivbo
12,XIZ7Z1fjeec
12,Y7aGqSpVOHQ
12,YAo9pfn5wIU
12,YjXSGYBH3nI
12,ZM0uw_hjekU
12,ZMDp0hkIf2k
12,ZQazWxegNm8
12,ZvR9Jyn0ltc
12,_1PmLRZGjvQ
12,_2rhFNY_mkM
12,_TdWyQ1b5Ts
12,_hE8QvsX2Is
12,aNc42SiiFrs
12,aOMur7-fY8I
12,aZkdKIzABRw
12,anGej_YnjHc
12,bUyJFdEmwzw
12,bZ7PAzrWyvc
12,btBRSJ45ADE
12,buzwRzy47qI
12,cD5wmpIsElo
12,cFdXw73FphY
12,cLR3TQiZXKw
12,cQQoTsCFdKY
12,cXSommKxKBA
12,cjnTY_qX2wM
12,d9hjsuiclTk
12,dASQ_FgS0u8
12,dEZNyfoOPeg
12,dQx1grQKfLs
12,djdr9DQnM_Y
12,dvm_6GC9vNc
12,eTaXCwaD95Q
12,fL1wyTxdagU
12,fUEwoiC5AO0
12,fg_O2cdOQxA
12,gxnthzMMc_k
12,gyTGOClvUdc
12,hK0U6w3LnCs
12,hRgo7OuvEUc
12,hZsY5XbLinw
12,hy34HqEcykQ
12,hzaREbvooSI
12,iGOYap1s1MM
12,iPtC7StaCCQ
12,jAa58N4Jlos
12,jVEHFEXp09U
12,joUqPs2imcw
12,jrW4Jxhujss
12,kHwZhg4e2R0
12,kgQQDxpBOBE
12,knEoN_pbf4w
12,l7HMHVaFM7w
12,lKZQ-ZYyZ78
12,lMLo0E66O8A
12,lx_3CksyBsQ
12,m8i40lVgAWw
12,mFycDk6h6EI
12,mOMjWww2Im8
12,mQzHQrizImw
12,mTRTZR9tPFM
12,mU1buaBbnto
12,nBUILIp4-20
12,nGZfmyw59Ys
12,nGx2Q3hMfz0
12,nMewRm48I7U
12,nTC2Axk_znc
12,oGgk40S4NNY
12,oKD3vIW3rSU
12,obRG-2jurz0
12,ojVrMhN-GRI
12,owazpkk_CIU
12,pCTHBxr4X34
12,pDYXRcdcvGQ
12,pNXdpt-FhFk
12,pRVFYswSz2c
12,pUzzoHF6ixE
12,pmpC6xZCk68
12,psGnjNW4siw
12,q0_QAE_PWDc
12,qJDIDu2dy0c
12,qQ2xWPrp_aw
12,qnmQXWIOt6Y
12,qrKWs0XDED8
12,raG1OxU8W-g
12,rlqYCcLUD-Q
12,rmpnEgWDj00
12,roNlngOH9S0
12,rpqrCKHb-7w
12,sJ1i6pFU5h8
12,tB2V1zTpJ2g
12,tf1wc6MBV6A
12,u5k0ONUCATU
12,uZOgyATBgK0
12,ugCrTuGXJP0
12,v4MgUj9J8Us
12,veIh0HStOjU
12,vnwEzBNAFvo
12,w0yhHHPc7IU
12,wY0WVHPKT3c
12,wlrdUO8yEaU
12,wp0UUmJZwi8
12,wutVHwbsh70
12,yGDkiUAwxRs
12,yiYhDq_ws1U
12,z4ReHlKE9h4
12,zi5c7uzIi5U
12,zrshHW5ifrU
13,-_v9g74DcyA
13,-mrTvGn6gfI
13,0DItEw4YHQM
13,0Xo8lcQ4coQ
13,18M-O2exBAY
13,1E39jpNN9eQ
13,1Evwgu369Jw
13,1a6SvVPzc2A
13,1pYrMn-LRm0
13,1tIJmyIXlXo
13,2JrFLDKAvqs
13,2uOcbGfQtPk
13,3W8iAkAx02k
13,3lkG_MD7T9U
13,3vP74xh83Kc
13,4-ZRngcV9lw
13,428f8scVmgE
13,4sSobmEagfA
13,500LQomU_ic
13,50c1J5984jk
13,5f7E4DQG6kk
13,5g1LtbCtVhs
13,5oWNNwNBxx0
13,5utZjSNBQgQ
13,5zWEUIG-BcU
13,6NvLJHUpa-M
13,6VCIpHKcCRc
13,6YVXB4wXCW8
13,6wdcAyt0FrE
13,71U4ssp0vZU
13,7SRUIF528ik
13,8Eoem-_SNTs
13,8Wi0UWLeT9I
13,91MhNtDNAbg
13,9YZ-wceSqp4
13,9cZiZZGXGHk
13,ALyTYo1zrT4
13,B7H1noB47xs
13,BR0Z0g-6GTI
13,Bi-7pho5XB8
13,C1XCoDOs8Ms
13,C7OQHIpDlvA
13,C7xp12iOw3M
13,CBi0HUmTrkI
13,CCMgsHqY5xo
13,CFc4e5gewA0
13,CMf04Dw3T44
13,Cm61H2ItWvM
13,CpZPVvJPr7k
13,E1NG1Um4qzw
13,ERNWm9aiZQw
13,EY1b4iP7DAY
13,En6Hyzgr6GU
13,EuRHHmXbzYs
13,Fmd_ftun5iY
13,Fzn_AKN67oI
13,G267g0DpCVg
13,GLQos7-Vq8M
13,HA91bSyDMcE
13,HisYsqqszq0
13,JQDPswDE7s4
13,JoYyduuQvPs
13,K7RRnUImP40
13,KbIjebO-Nkg
13,KeDSxjxvzjk
13,KsYzIyMrSBQ
13,KwcvlRLYU14
13,KyDAE0vjFwc
13,MCTrzITVDwU
13,MDqxBGL738U
13,MUia4yNc7jw
13,MhoLSDRdZKY
13,NK3JZGwJPRc
13,NL4BGjzupCA
13,O5oU3K_hFy4
13,OEx8yRbNw9o
13,OWh2m_5BImg
13,Oq-vK6nyPDY
13,P7k2MkVYLDE
13,P8mOr-X4RkI
13,PYLSkItMlPc
13,PzPy8e0nJr8
13,Q-TQQE1y68c
13,QraLuMs7DcA
13,R8o1PHbeuxY
13,RURCSoAfFzU
13,RZPwFtUmgyE
13,RbaVWcDI0ok
13,Rl25lvcwAPw
13,S1GU13LvPWw
13,S4HV3t1nZgo
13,SJnDXCg91KM
13,SL1j0hTx4mY
13,STj6dJaCRto
13,SZNqN_roHVU
13,SaS2plupxzk
13,ScK62-RgECE
13,So1EWZKC934
13,TAMzOtlNuXY
13,TCHjBqfxr0g
13,TZRf2Megjy4
13,TespVISUUTc
13,U3rxB67FQG0
13,Un0Zo34GOow
13,Ux2huQjJcfY
13,VXHMcq31lKI
13,VkQADPRK5rQ
13,W2BSyG2kOtQ
13,W6wVU5b5nQk
13,WHqfxgsCUR0
13,WN18kGdPHzk
13,WaAf-Oh7iww
13,Wlf1T5nrO50
13,WtoJIH9OZfs
13,Wy3o99ZC7YE
13,X_vl1NwFaLk
13,Xowv2QVYpLU
13,YBnLxEtObNc
13,YCD3f5ZP2mw
13,YDhszbGqBmk
13,YJ-UR63cxKM
13,YY78KaQyxYk
13,Y_ohV8nJ5as
13,ZZa5XVQpfXY
13,_Pruv77aOC4
13,_R4JT1NgN8w
13,_aIHzyiToHA
13,_xq3Xbj2BMY
13,aDn4tqxtT7U
13,aMd4kjo42RY
13,aOYdpxNCXSE
13,aceHo5_Ax0Y
13,b8s54wlT92o
13,bRNWStDV4cU
13,c25DjOHELQU
13,c9oAewocqWQ
13,cG-d_emgUHo
13,cmSPwZIZu6Y
13,dD4D0_ky7vk
13,dEHjBPS21A8
13,dJ_uiHfoCXg
13,dehmASCYuk4
13,ecPmfZ6FYNA
13,eybZPBq7MTI
13,f5CcgFTO274
13,fHLt2lGosL0
13,fHu1rOmSZgE
13,fRmuFCaJCyo
13,fUR5ks-t9TI
13,faaStbUWY18
13,fsK9DthCrhU
13,gMob0VSP_D4
13,gPIKofNb0ZE
13,gR2Xew8aEU4
13,ghuntBvDKLE
13,gnUfy4cFVkg
13,hCQP-L2FNjw
13,hOhIZI7nP0k
13,hOjT1rXL7Es
13,hP_g6XpJ-mg
13,hy_N4io6iNM
13,hzDw-120P58
13,iVrQqWIs6ZE
13,iZ9xK7xIYmI
13,icwJhk29A0M
13,j6PbonHsqW0
13,jxtyv4VY8uk
13,kPcEFHA3X0c
13,kbuSTPTzKtQ
13,kgdCmI98jTw
13,koE2wQEcims
13,l0Z8A4u3CtI
13,l1eINRO9qMk
13,l2666Xijt-I
13,lIy1Q2sk34A
13,lJXaNYTVjrQ
13,lTxn2BuqyzU
13,llTl1Ijjkyw
13,mDDVNvZt6PU
13,mL9PQ9t7_Yc
13,mVIXU0x9ocI
13,myA6Jsajl48
13,nLvgvXsV2Rk
13,nWgRPM5r_80
13,o-Ikkh5oxuo
13,odaSnvNoy8k
13,pLWVK69Zttg
13,phGmm4u-J8o
13,q1gxT3HNKws
13,q4f7wYhuJ2k
13,qkuB94kvwBo
13,rkMPA5Usc9A
13,sJUO1MIHwEY
13,t4Q_B0fIrJE
13,tOmS13fJlMs
13,txSsFiVA0tY
13,uLRYZxW68g4
13,ui_3E5KZ-74
13,vBTDagXggHQ
13,vGemji4uanU
13,vLqOHx9GeJk
13,vfrlYx0-B7E
13,vtT78TfDfXU
13,w494XPRHH2M
13,w5ZKPqprsg4
13,wUaietFmLc4
13,xAi_otp3TYQ
13,xMMGOKSzZRI
13,xb98qYIfNZ4
13,xdgeTX4ipjw
13,xwcmp1eXYK4
13,ygyMvBSwM5A
13,ym87NNYgvn8
13,z1cfVQyrQ3Q
13,ztLUaL3xQEk
13,zulfyHjZOb0
13,zyLkUFn0-xw
14,-gSX7VYD9oA
14,-i7ekK9UzRk
14,-j4wVW3KvcI
14,0AFOoS2WnqU
14,0CtTFpWQzWI
14,0eWgkwx0-44
14,1NXEcSdtXIQ
14,1ZfmZMqsxcw
14,1f7_aSkfnoY
14,1l9izM0J0bs
14,2Efr19RdmkU
14,2OD4IytPA24
14,2lHzjXO49eE
14,2rQZChZY7lk
14,3x-qsNCXXA8
14,4nR718ryFnQ
14,5R21dvccdss
14,5Sy0XLouzhw
14,5ToWY_BYb00
14,5kJ9NfYwlcI
14,6dLisrsB_SQ
14,6x-2pokjU0g
14,74GyDQsHOTY
14,783gfMGgT18
14,7A6deVmVDBU
14,7ZSSQBMqRg4
14,7Zo4oRTcQnI
14,7ayNc1iXfE8
14,7cT9GlI0rzo
14,7keXPFH2SVE
14,7tbxN5uwaqA
14,7vpQhuDyqNI
14,7ykkLCWY3F8
14,8V1JXYpKlfI
14,8kUAG8EaOiQ
14,9Tj7IrMGRPA
14,9beMUzLNrDk
14,9tkB3raSbyo
14,A1fq3MOfjUo
14,A4rwdriJpkc
14,A52J1hgIKP0
14,Avq9GFKBLVc
14,BChN9F8PIsA
14,BZ2i3o4HVXo
14,CD89mI73dVY
14,CRVDUEzWkF4
14,Cy5QxANqcQA
14,DPeu-i-6qFA
14,DirMYyERmVI
14,Dpmppo0O32M
14,E7LBLAJGW14
14,EPMRW1aHjKY
14,EWoYScyO-oA
14,Edr3HVYv2AA
14,EwMbRR8Cuc0
14,FJIzV0yYu0c
14,FW1ZEbRbxMA
14,FZJ5w3xHrAc
14,FeasKVBFySw
14,FzF1KySHmUA
14,Ge5tMq_qGb8
14,Hhnx4Yj-twM
14,IfOIXbWA3Hk
14,IkR7VGtaBBU
14,Is8ziZSNvDA
14,IwiKpTC1vX4
14,J0UTqngnsuY
14,J1CCg_FdTcw
14,JGIinVaQZ_k
14,JM8zyyfvSns
14,KcohuX7O2W0
14,L9zFTsFFcWc
14,LiGaeZNDc7E
14,M-gE8FbqHUU
14,MIEsN5duf_A
14,NOkBGeMaD6c
14,NcMVdh915AE
14,NnOMVozyqn4
14,NunLvaovufE
14,OC3u7nraCks
14,OIfASQa_ZMo
14,OS0kBngjFOg
14,OgTyohMofaY
14,PGKKV3L6Yxs
14,Q2wdmvB8L2E
14,QRcMsRmsuvQ
14,Q_OIXfkXEj0
14,QeOGa2XV1gI
14,R-qvDhHI71M
14,RRHXeVl4ZNM
14,RvKGmzEt4hM
14,S6ydo0LHHaE
14,SWnR3C7C4AQ
14,SiLWdFktO84
14,Sov_sbVCpr0
14,T0UokSou0L8
14,THzqpgzPWqE
14,TkEDff3oH-w
14,UE6QxBaIEv8
14,UkYRTOVPcrY
14,UseiuTXcJNk
14,UwTTTsA5rto
14,UzIKWnZJ29s
14,VHgdGeBORqA
14,WDI_9GtiO3o
14,WKAC4kfHruQ
14,WMCD7QDVc4Q
14,WVeoMIXG7y0
14,WgjiLhV0qf0
14,XZDxzoiyy9c
14,XuMxAB9q92E
14,YNPpB_BRZJ8
14,YNy4dUS6ZnQ
14,Yf7GMGeJ2gk
14,Z3Q_aaIz7q8
14,ZAiI6cvJJWo
14,ZSAo2S1_hpk
14,ZSwruPC7_qw
14,ZbLAz5V3SYI
14,_o2C_KujcB4
14,_w-FUGYwhTM
14,a9-Dz7RgeuQ
14,aMqqeWVKYWc
14,aaMZrtJZziE
14,bDIXvpjnRws
14,bdIfcmBYOWQ
14,cgPk6HXaoa4
14,cjBKOjRkQfM
14,d8CP1AmX7OA
14,d9ZIgc64Dng
14,dQZT0Wcz0iY
14,dZSL8OnBLlc
14,drraGGQk5fM
14,e6jyA5sfeO8
14,eG9i7d8yfKQ
14,eMXyRnQGrGs
14,eS4hFe31wVk
14,emQsMrneZPc
14,ex-hWbMGWT4
14,fCX6otwIJO4
14,fZ7NBp7MtHI
14,g6sIcFSGXWc
14,gm3SqfqPNmM
14,grGq7-GYUDs
14,gxleB9Z4c8w
14,gxnthzMMc_k
14,gxreSxkvETI
14,h8_b2dTDHA0
14,hm1_TfTgUag
14,hthWJ5SHAIM
14,hvl0Ee3yvDw
14,i0rL0ukZmf0
14,iMmNpC1JPoA
14,ibOcmVDso0A
14,io-V5sCAxOM
14,ixmQ0PEAGes
14,jBukzCM5WH4
14,jSDVdVzw4Uo
14,jWZBhedK_7g
14,jWZ_NwxxUhA
14,jvIJOYtVVMQ
14,k-3kXbbUGdQ
14,kSJaa3PjvbU
14,kgeHOo8OxP8
14,l758NajSFr4
14,lDuBFngREPk
14,lNdqwsQbrg4
14,lrK0-FWezyg
14,lw7tZ2z9krE
14,mEEHqd7VBIA
14,mOvDTLPwAEc
14,mRR6KH9mibM
14,mT-94c1Q6Ms
14,mUzfjOe2ynY
14,mt2BWMuesI4
14,n8k0q0JLFb4
14,oLA4YECWAlw
14,oLV7t06eaps
14,obRG-2jurz0
14,ohFtycm5epE
14,pBsYiGo-VYE
14,pDE86qWZvwo
14,pRVFYswSz2c
14,q2DVQ_tv65w
14,q2jtjCAL5dU
14,q30UFr_5ltA
14,qY45a0n6xUo
14,qenoURnAHA0
14,qwIG0ZKSWnY
14,r1PVPpbH0hE
14,rAxXCr6fGqo
14,rHl-D3BxvdI
14,rUsY4e3lr9E
14,rYyV-4kH3yA
14,s9k9tdjFI7A
14,sJrJOqGTgNQ
14,scASnFDYtHc
14,spPo80dPUwI
14,tzWP-NL3Lck
14,u7gfzPr-Ljg
14,uAzJRCtdSEY
14,uNztqHSya1Y
14,ugCrTuGXJP0
14,ultbR7D7W5k
14,vltGL2Xbxhg
14,vow93_XdZ-4
14,vrcbZNzEp9Q
14,vxfJbW6KDp4
14,wXaVGNumris
14,w__kkDlebmY
14,whsilLzzTps
14,wwkGjp3axwQ
14,x1FGGuSxkWI
14,y8svajTEodE
14,yH94F67TZdc
14,yVgqt7Wd0ms
14,ygP2B9etsk0
14,yqgMECkW3Ak
14,yzAc9ZZs8RE
14,zQsALt38y4A
14,zRg5wveiv-g
14,zhg4zpU4m48
14,zpVRx505C9w
14,zygD8QP-gu8
15,-IhOYjFdocw
15,-a_3-fTjXes
15,0AzINgATyIo
15,0GeJUiHTfuE
15,0z2l_0vsInA
15,1CcC_3_oMNM
15,1QkZcdCDJJg
15,1_MSIPEUnFI
15,29H2ABMqElQ
15,2Cb2UGhUEkA
15,2lUWpYqpo6A
15,32KDAXwHxCo
15,4Gb7M3Q5zEM
15,4afLznmOsDk
15,5CIF1mgIoFE
15,5Sy0XLouzhw
15,5nrTrhpKnao
15,69K21Yt4org
15,6N-Rorpz2hA
15,770bez1JJJE
15,79YMBN0e2L0
15,8WgdTJ_qaOw
15,9-GRzu6zbS0
15,9r-Wc_U2flg
15,ADRVZ4Oe6b4
15,AsYniaMy75Q
15,B7EGhw1-Q54
15,B8aIWtofWQo
15,BBbWYbWBNQs
15,B_XJb7l3OXU
15,Br9dhvcFqis
15,C3q023WGTt8
15,CC8nn_44Ta4
15,Cni6BRQJiE4
15,CnuCTFuZA2c
15,CpapW__DTko
15,DShWvu_pJs0
15,E403BkWLSOo
15,FZH23U0QAtk
15,FZphkYWH-O4
15,FmpuqgDhtXE
15,FrZwSngziHc
15,H-tVCpFNbBs
15,HWyOIf3cK1E
15,HuP7MOjWeig
15,InyJWe8v4vk
15,J3GJ_ZBwrGI
15,J4_2K3dPytA
15,J8jmxao5Urs
15,JA2E_OH7R-Y
15,JSHHCPanX9Q
15,K-7MZGWM1AM
15,K1Xz4gCageo
15,K34Nfcug4xI
15,KExLmFE1E5A
15,KJ_JTkpKudA
15,KJs_KPFounM
15,KKWkA5p9V6c
15,KQfD0DOBZo8
15,Kf8gAPoTgXM
15,KjX6Na3fDbg
15,Kq1QK2eESSs
15,KsQoAlOkE2A
15,L7pnd183iYc
15,LU58mQ0b-ck
15,LUk-a0sdd7E
15,Lf81NzBnaQM
15,LvNPKwz4Ghw
15,M7SrO-D2TwQ
15,MA7LwDuUIYs
15,MTF-cyYOfUc
15,MVUeUtpmCS4
15,MeCVDscoA-U
15,MpdGXfxl3gY
15,NDFaE8AijNg
15,NgISp92DaOM
15,NyFhSguN7WA
15,O0DqLsQwUus
15,O0rfS_M49IY
15,OCrR4JJ0OUs
15,ODxtscWKBTA
15,OGbCYD5QnmY
15,OK_8NC7fJeY
15,OX2jy9733Sg
15,PRF3r3zUGqk
15,PS0DhRlLUwY
15,PtupI6Bf2kw
15,Q9pRLPmTOjs
15,QWhGHxrK9w8
15,RFQRM1B2AKA
15,Ro-u7dEjcsA
15,RqAcNdHasvQ
15,Rwj7rtVHMZA
15,SGNpMItjbKg
15,SbCZB5Ai07k
15,Sq2zmf9iYTk
15,TP9OG3dY0eY
15,TPC7Ao1nkNk
15,TRYveL7DIxI
15,TgST_K5srHU
15,TleqxS3zq38
15,U3F-mJ0R9i4
15,U3vQ0SPpqYY
15,UB8fEsOgVaQ
15,UVxJs2JvLdA
15,UW9IJKZ12nU
15,UaJEN4-AUuw
15,V2SeTI5gqYI
15,VLT7eZSC_qo
15,VXA_5MzHNVs
15,Vqpzk-qGxMU
15,WOs7JbC5dmc
15,WXx6tZvnjF4
15,Wan5m60UDDQ
15,X-mB6BrtFYs
15,XAdiP7TD3BU
15,YFXxSy-svYI
15,YRriIEx8f6A
15,Ykt3e1x6Z_U
15,Yl8x3rV3zK8
15,YsLoK3r3p7c
15,ZBOp4IpWmjE
15,ZRy60SXKDJQ
15,ZhGqM8a3m3Q
15,_DnizwBsfS8
15,_NxYq-hU63k
15,_Sl02daJbZ0
15,_sJr5_P0c1g
15,aBqe6rCwUZY
15,aaSosy_msNM
15,bMMJEDhMBEI
15,bO4uRsyiO7Y
15,bSce8DWScis
15,c0CrDdJZmrk
15,cBxvtYgMIHw
15,cFqxJf9ArNc
15,cSKGa_7XJkg
15,cVT-7N-KvHM
15,cZoW7fdwscA
15,dMMPJsZ0n4M
15,e3b3RR2qfqw
15,eCuFg5K2XRI
15,eRwuMvbzROM
15,eYoUj4nDMRQ
15,ecbgXUFScNg
15,en4GMmwsE60
15,evNqB3MeHWE
15,f60dheI4ARg
15,fy45QFrAzpg
15,g1Zf4Xcd7A4
15,gRqedHZCXI4
15,gl1D5oT7H-8
15,gxFbpj2kSbY
15,hQsJ-uapF4o
15,i4XJf2XQbGI
15,iOaRhobWx6s
15,itb4mjw8Afg
15,iuJDtOpiCfs
15,j1bsHtrdqRo
15,j61Ug6vDOeg
15,jPU2D0wU5Iw
15,jRifYIUHbV0
15,kbbtYY-UN8c
15,kd0LEIHFRq4
15,kiv1pN4t2pA
15,l8s0mJYlkFY
15,lKMLX3-Bzes
15,ljLlpOAGRsQ
15,lji00jb6YxU
15,lymZioanQ8U
15,mQsUsCvNLqI
15,mhEoLEgnGiU
15,mzQ0x1Uowmg
15,n2XGbekPoj0
15,oBKuEFA--XE
15,oOXCVrg7YZ0
15,oYF8fLaFqmA
15,oc4kgAhqj38
15,ofk685BdSKA
15,on72NQAx9cg
15,onGdcH0vW50
15,p8XX8eb2EbA
15,pkmBbkvqi4w
15,qNfAFfu6VD0
15,qRfjvVv0UcU
15,qvEzOA4P6OU
15,rYg3PUhDWgI
15,rr3gglJfoY8
15,rxM5t_xD2bg
15,s-t1xZppZSo
15,s4YpJF3Ahrk
15,sG8gLt4GChg
15,sJ-EfijB8E8
15,sMhwgdT1na4
15,sUlVQ1rDXzU
15,soqzBdTsp9k
15,t739YrM2WVU
15,tLpcU6bdMuQ
15,tt3piUJL9Z8
15,u0LpuXkqHFo
15,u6cpNhMx_AE
15,u9UFVHEH-Fs
15,uX-aGDxR2uw
15,u_gt0Qs30oE
15,v0_hJRStzig
15,vizMAPigNS4
15,vxJ9OAUr1yU
15,wCOn5UgJF4A
15,wEZct2GnTuI
15,wJLsdVBcbXI
15,wcaMVUiZvqA
15,wgmaD715F4I
15,x8skcHuL_HE
15,xFojsteblHg
15,xJ-NxLtjwAQ
15,xW9QeLZrEJY
15,xaEg8TDnmdc
15,y1lS1xgnW90
15,yUrLM2m0bAU
15,yYVE6K8wDvo
15,yYyrawt0rzw
15,ydgpCI8oHPg
15,yscpe3gE2Lc
15,yzJveW-G864
15,zIFSp7CpIXU
15,zOorlYgszkw
16,-01T9e6VDWU
16,-9RVSWymYto
16,-DeKnrjTsH0
16,-muIoWofsCE
16,-n4A0BssFd0
16,-vtlQT9q5N0
16,0B3sccDYwuI
16,0Mcylp85RMc
16,13jicIxPNq8
16,1N4Hs4Tsh0U
16,1kUE0BZtTRc
16,1xbrj3Zr3Pc
16,2BMzLBLOTGg
16,2Wp-diDRVKI
16,2_-jSoSaaTA
16,3NbhGMC6xS0
16,3YyXSyWBf74
16,3ZpDjdFzQUM
16,3yD7jmHcdVc
16,4GbWfNHtHRg
16,4JO-XIWxqdo
16,4U3Y3mBIEBs
16,4knIPgD6h1U
16,4tdK9VX5gcY
16,54zZ-8rs-CI
16,5E54PyNViZA
16,5MfSYnItYvg
16,5SproXmRUkI
16,5a_ixib8cB4
16,5gEWOh630b8
16,65EL_ErjKvc
16,68UgJkTQw6E
16,6OHRb_ODo-Q
16,6guXMfg88Z8
16,6uN3Ep7j4g8
16,720uyg0Dd_M
16,7LVzJbHfW1g
16,8BUCi5Tuzms
16,8B_64G2SI_8
16,8PnY8GV2uXc
16,8QsD9ouHmp4
16,8n_DeE0DBXA
16,9DPBNIOdrOI
16,9EwNHIMfKR8
16,9LuA4Wt4RQE
16,9Uh5mTxRQcg
16,9beKmiu3oJU
16,9fZwZob3lGA
16,9jLlOPqHxLs
16,9jW9G8MO4PQ
16,A-tWAxauhDc
16,A4cPmHGegKI
16,AE6s2xxdGoE
16,AKeUZ5UC_SU
16,Af0_vWDfJwQ
16,Anq4PgdASsc
16,AtCTU5NcIVU
16,Atrx1P2EkiQ
16,B8P23Hd_D5E
16,BJtOg70Sxxc
16,BNhpsfSs-xQ
16,Ba9LXKH2ztU
16,BcpB_986wyk
16,Cca5DaNs98w
16,CnUpMCH3cEQ
16,D1Ymc311XS8
16,DV0QCtSs5Xs
16,E6WAQpRulhA
16,ELGfTySy0Ro
16,EeoB2ib-4pY
16,ErD89bozio8
16,FN5RsdZDfwM
16,FOFLv8wGTwE
16,FbtYxPUrhq8
16,FtVb7r8aHco
16,G4H1N_yXBiA
16,Giek094C_l4
16,GqeRnxSuLFI
16,GtM0YrB1Y7I
16,Gu9FOIKHwHc
16,HCHo9KOvm6s
16,HUxUbcoTB_4
16,HozxvPTJT8M
16,IAohk0B6egk
16,Ikq9AcBcohA
16,J8hzJxb0rpc
16,JjypCDNSavw
16,Jl6sWrGzx7I
16,K6_L7JOYz7U
16,KhrTTqwKjn4
16,L4rGjYii87M
16,LK_hW_t8IWU
16,Le7KOX91w7U
16,MG3sq6m0_Dg
16,MZ-sVQElqhE
16,ORxKf1FN3ro
16,OTgpN62ou24
16,Otm7EKfhpc8
16,PC20RAErJqI
16,PGK2KFDLYRk
16,Pny70rNPJLk
16,PoQjsnQmxok
16,QBTrt8le2sk
16,QKXuykH0oOo
16,Qa82gNYYkdc
16,QfjkbLuI3ws
16,QlQ-MEZgRGY
16,S0MYsrHx35E
16,SMtWvDbfHLo
16,Sd7Ye980SKM
16,T4xKThjcKaE
16,TNKWgcFPHqw
16,TXXgJ-yVCJ0
16,U-C_XW8sZl4
16,U78lPK4c6KI
16,UKbrwPL3wXE
16,V0hIpHE-LkE
16,VOmOyJOiT9w
16,VhoXgJA3chE
16,W7xy7QMULwM
16,WoE3fs9h4rg
16,X1GT2bKgci8
16,X6To8fq9W-Y
16,Xh641j42SYE
16,YHS9g72npqA
16,YX0H0ODnEQE
16,YtdC3POHxIM
16,YueJukoFBMU
16,Z6MXWjmx8c0
16,Z6_nU-TShoc
16,Z6n7CWyoqFU
16,ZFbSMhIlcg4
16,ZcLbw2YaSXA
16,_utuiCPnurg
16,aSIRwrK3gkU
16,aUmKkLs4WZo
16,aZLvHM_mt6Y
16,a_lmye1HWhg
16,b_dsulFsE2k
16,bfQqiZ_gD9w
16,bjFbDbvMEcc
16,bsE-JaZsGeg
16,cWmsprrRGqk
16,cbGDjhqPFtI
16,ciLveEWIj5k
16,dQhhcgn8YZo
16,dh0pJdgY6Lc
16,dwz3qozDiyI
16,eBlyxK1JFww
16,eD8jkJzlS4M
16,eT9cxA7J2ME
16,erkKi0zSido
16,fLdDKhAHUAk
16,fcfQkxwz4Oo
16,fo7Km-BMv6s
16,ftYdEm6pEkE
16,fzm9PBlVlV0
16,gG7uCskUOrA
16,gJf5GGrNS6c
16,gSUv-l0HhD8
16,hXHqKdkBpiM
16,hhbMpe17fzA
16,iBhIxdah6QA
16,iEA-NleJoqY
16,iX7-aY6FAZE
16,ic8Z4ajCzio
16,idpuvbJwzV8
16,ircaAGCK0po
16,iz1TD5XJzWk
16,jBt5jZSWhMI
16,jJHuVLkyF8w
16,jnphuI7hyeM
16,juGGs9zJTRw
16,kOEDG3j1bjs
16,kQl45ophSVQ
16,kfAtiDaJgvA
16,kslY8zZS4Xc
16,kwfNGatxUJI
16,lHuvmD8o1fU
16,lLkj0qpA8eI
16,lONU5eMANQ4
16,mQ10xBl8XMQ
16,mQTHYgPU7zo
16,m_GMqI7OXOU
16,mbT50-rppaU
16,moBlE0QZMBY
16,mwdBVd68AWA
16,myZAvqqp9Jc
16,nYB4fTec2uM
16,o3DztvnfAJg
16,oJAbATJCugs
16,oZraXC6nkxc
16,p9oIUv9cOw8
16,pRM4P4d9iWE
16,p_bl5dXY4gs
16,qIwrhUrvX-k
16,qK6PLWcE82I
16,qLhbK823KxE
16,qLuu-ICIr7E
16,qci97yeAx9E
16,r43LhSUUGTQ
16,rA-T4VPenD4
16,rBZ2W-hcnz4
16,rEDzUT3ymw4
16,rz4Dd1I_fX0
16,s7YTmaC_wvU
16,sFy40uwiE8c
16,sKJoXdrOT70
16,sL2oO-OY4GE
16,sTFZras-1Lo
16,sWecPwrQv2c
16,tbdV28f5ewc
16,toYL_oBJX7U
16,uIUQBcgIz6g
16,uOLjLV4gppI
16,uOPnWS8TpoY
16,uhdFY0nFucY
16,uvbLlmowH8Q
16,vpxNuicN1rY
16,w56u2gv8XLs
16,wwO2KQ7uZxY
16,x1mSE7VU7cQ
16,x5WSRi1pBWg
16,xucm6_BQPJU
16,zZlYWWDQTIQ
16,zpJggrzOJ8w
17,-RspkvmhT3M
17,-XvTYJcsZ80
17,0LVwIl-QOR0
17,0LtY2HBuiZs
17,0SOjFm4ZmT4
17,0U7fl_NLVEo
17,0zyNzDtBCfI
17,14z8m0lnUog
17,18xHiFBiiL8
17,1l9izM0J0bs
17,1mJxpnGtJdo
17,1n2I7bv1JD4
17,23srhTH-dSg
17,27n_RgVSyNk
17,2pkyaWSMn4s
17,309eXGAOS58
17,3QO3JwrCZoE
17,3g-rTa_xmZI
17,3gsVx6K8Vv8
17,42a8z4wK0Ok
17,4Cy_GjHVX4Y
17,4Doik-g-9zs
17,4IRTuL93RJw
17,4PppNbgj274
17,4s-smURG8U8
17,4xqC2D1ibf8
17,5CABdf7eTmo
17,5KOOwKCTtqg
17,5Nvaadvb7F0
17,5XdgNYiOcp8
17,60d_IBE0MVI
17,68-iriARQio
17,6GChW_5F9uE
17,6PwhZYCm_0Y
17,6XAREH1A2OM
17,6e6evXAso7w
17,7A6deVmVDBU
17,7wc268TS1qw
17,8Mqq3ynIxF0
17,9-EUjwCErLA
17,9CWzynf9ZTU
17,9MjpQS83PSk
17,9QZg4vdoNSE
17,AElGQevke7s
17,ATMEKIUnfcM
17,AUJchk0V08w
17,AuYiGanV7lQ
17,B6PuHSOoHrE
17,BJ3iaqgzhYI
17,C7__mwCGwTE
17,CTQnhRLUA3A
17,C_bmyImJlJY
17,Celg4MzChKU
17,Ck7tMl7CCUM
17,CnLVxIOGqgc
17,CpK5lkLONq0
17,DJt6ORwxKmE
17,DOxanrTFKv4
17,DR3g083flKk
17,DUKRv0ya7TM
17,DkUCiYMcofQ
17,EOYL9Nuw5XE
17,F-cZc8DWqSE
17,F9HRQM6MwrI
17,FB6D1rh-30M
17,FcdarjMIQUI
17,GC8Chy1SaLE
17,GNsaAlJZPN4
17,Gp8OvHmf0Oc
17,GzZBW7ChO4o
17,HBDss5IlPn8
17,HpirevYbTgY
17,IWOB6vEB7IM
17,If51Ug8uX_o
17,Is8ziZSNvDA
17,J1SYUyAp7qI
17,JYvYGWHPypo
17,JfY_xRhXmCM
17,Jfhq--s2kSI
17,JxxA9OJxqEY
17,K3ISt-wztUY
17,KEZir3XzKHM
17,KcI0s-hglRo
17,Ls5GjT_Hkhg
17,M4KeDfURk5g
17,M6XWaU4Pl3s
17,MeDue3VPmzI
17,O-NAsxNyS0w
17,O4L08jDgptU
17,OJJbm8JuRvs
17,OhIZS2itm_M
17,PA6BAmxPGEQ
17,PSWWlBUlp1o
17,PhNOp0A7Mo8
17,QK7JquljkBc
17,QsvwswQl6Vo
17,R7eiJCdDoIA
17,RlbY-VJbo9M
17,RnqCSEO6lyo
17,RsCChZUHRDs
17,RwxOeUyWtOU
17,SPrzf_y9GrY
17,SbnEf0pEVJQ
17,SiN_kah6sN8
17,SqmaT5fFV8o
17,SsWMAwZlIs0
17,Swmrd-lCdEo
17,TQShhU3Donk
17,Tn3lHConEDw
17,TsdxWGeRNyg
17,U8DigzouRzQ
17,UMxHLHoOUko
17,UQorMzO_Zmo
17,Ut19h0iuOQI
17,UzIKWnZJ29s
17,VDB-iNRpd28
17,VGvgIHYUXcs
17,VVZ8XZ0UZJM
17,ViqTuhOKMwA
17,VlZJvNjM9Ug
17,Vt_KpKlkTtI
17,WPZ6RbDf-r4
17,WZmOFu7ds2M
17,Wotz_TsQIU4
17,XCsVHADsYE0
17,XMTYBPqIM-I
17,XYE3c6J4oZU
17,XmKes15XjT8
17,YLCokaQP2X4
17,Ya5mY2FW6wU
17,YdgPJ7OAFqg
17,ZGYQ5bQfeAk
17,ZWvyE3Cdv2M
17,Zm3_vUuusQY
17,Zzq7ewi3c20
17,_9IbNWqJ_0w
17,_hE8QvsX2Is
17,a1AMgOcawxo
17,a8EzzgwKzIQ
17,a_G4xx67VIY
17,aaxO0Yb3ngs
17,alDAyPPs2RM
17,alcLEd_cjD8
17,bcWU2jQxOh0
17,bdJaNmO90pU
17,bn_3op4iQcY
17,c4u7ZDZfZHQ
17,dLKGWoOI1X8
17,dhluXXEhS4M
17,doSTUjfUOJ8
17,e2_dqrwaB_M
17,eIaIEXG91vU
17,eOc5xUc6Qd4
17,eW3MxHMuty0
17,elNBVeDVZvI
17,f1mexRBqQ-c
17,fC_B6fV7EFA
17,foybZ350o6w
17,g1QQGRYw1-c
17,gIUF4vpmzxs
17,gekIF4nX3Rw
17,ggF6aVtV45Q
17,h5mLvbEC4PU
17,h6B9nNVOSYY
17,hDsxu4O9sLo
17,hEuqiLbIShs
17,hJl9VpyvBFc
17,hVhWxfqFTrk
17,hyqoOUKEmWU
17,i8b1eYSnq7k
17,i9Xhv8vWsOs
17,ibbPXN4ymt0
17,iu74d6UMFXw
17,j7WbilM_AZ4
17,jMYIMDYT-uI
17,jhfIlhgszRI
17,jvqawJrZUmg
17,kAjUCfTkEBM
17,kQjkBuikJ5Y
17,kYWjJS3nR9s
17,kYquaVpEK_8
17,kZQlDYG00Ss
17,kcLD0-Rq1dQ
17,kkk8UPd7l38
17,kuv6fTPC2T8
17,lHDkWtV759o
17,llPZET1PAnI
17,lltE0dtVvPI
17,lqNABRZ-0ek
17,lrqXWdcHnlY
17,lwkjxXo9BSA
17,m0nVHM-scbo
17,mTwd5jSzSzA
17,nkA4vV0I62o
17,nxru3txssNM
17,p6ETV7N4zWI
17,p8Lpu5PJjBE
17,pFeQbsxEZsA
17,q2367V9Nbng
17,qGJoiUlUWsw
17,qKkQ_0pZAxs
17,qlPkoeOZ9Oc
17,r2DQqQVNGQc
17,s1Y_N3CDJUY
17,sBRQNRYZ3vk
17,sQRVzGMicfM
17,sTy4Gl0f8cI
17,sVDZvwDudcY
17,t27C507Zuks
17,tR9y6u0jHac
17,taub262-th4
17,u-yj0O8SVqQ
17,uPLTbnJ8RAE
17,uXHLJXui3zk
17,v6n9snBQTic
17,vh-bQtRKAFo
17,vlUKjZ-mPOY
17,vldZn1BQz0k
17,w7yqEK4v4pE
17,x4isMVIYy4M
17,x5qJnoz4veI
17,xkJrlVX15dY
17,xx5z7TwX_Ns
17,ySMsD59DTxU
17,zdMH8tR_hDI
17,zyZaSGvdClg
18,-KULOyrRCU0
18,-NXkJBB4GhI
18,0NUNObDp338
18,0SEa2XQASUg
18,0WbzLaeCyxA
18,0kf6OhEGlgM
18,1fQTNk4qLK0
18,1l9izM0J0bs
18,1nEBkMwVn3M
18,28MUbjJ3Z5s
18,2LzxzMR2J_8
18,2bPyZiu4Bz4
18,2wwW33A9Mek
18,2zPwfEw3sgc
18,3BFAOYFA8jA
18,3H0LAuR2W6Y
18,3hfuUxVHSkg
18,47cb3xZy3w4
18,4EVXP1LKNBM
18,4TSHzi94Qb0
18,4YsIhFHYiGY
18,4cyW_AyPx78
18,4m2DAZiQs5g
18,4w5CycAg_8k
18,4z9SfVcM9j8
18,55y3hZg_YOU
18,5cyQVu_8EFc
18,62CG1SwRJU4
18,6QQAh7zbGfI
18,6b6grxZeQvI
18,6jramtlgy38
18,6qRIRyBXIVU
18,75PUjUsGsQQ
18,7PLA3g2aZpg
18,7syM4E3yibs
18,7uVSGbnEHOg
18,85_TMwsHblI
18,8Eh8K34nue4
18,8aZEtid-PaE
18,9FsKdaXyTH8
18,9I7nSFEC4Do
18,9ypYIWWk52I
18,A4uHZ2iE_nE
18,A8_y00HrU9c
18,AE2zoD6_S8Q
18,AW9C180g6mI
18,AWbf-8156Ic
18,BFDQAO8ghY8
18,C5_3mS1PotY
18,CGjGQxHKD2Q
18,CaG-dMO7jeE
18,D10Sy18b1-g
18,DD15w8FFi18
18,DvAJPUS3k-M
18,EEzJ50UbDB0
18,ELPVINTAJrg
18,EiHn4cHatNM
18,EutHZAIuZlU
18,F0kZsK5hm1M
18,FIwdttuctgI
18,G7UnSPuy01A
18,Gbb9P-xqSHw
18,Gp8OvHmf0Oc
18,GwDpY6g5h-Y
18,H-RpNkAIlew
18,H3E8CuQ14Gg
18,HvMlpkZW52I
18,I13hWSAo0So
18,IU4jdM01axU
18,IcTTCNW5eiQ
18,JGiiB-1xoVs
18,JWb_F9b-tdk
18,JeMzOhoJpfw
18,JiudXVaOXMo
18,JvKm-meiGNk
18,K1JvU9nk4HE
18,KuDB-nqeQa0
18,LIn6aW2iOUg
18,LNs9ruzoTmI
18,LcXnzJv3_LI
18,LxtkFZtxfNA
18,MygUFvRuRQo
18,N6zQUrxcsrU
18,NF8Lpvi4B1A
18,NVryEc6_sgs
18,OINg7Z9sFU4
18,PanaPlW62h0
18,PjDkGgZ2QCU
18,Pufo2ThZ_5I
18,PzGwJYxRdOU
18,Q60mSMmhTZU
18,QRks5iiP2PU
18,QTyiXrL0kT4
18,QWfUQSUqRN8
18,QYKMUv-0tE4
18,QmUZTVW15QA
18,RF5vBKYzw3Q
18,RHk9_eWf-Q0
18,RI8t2SBQeh8
18,Rpu4xP7kfnk
18,S2J58FBzETA
18,SdqHIzmqdEs
18,TFmZZ78nNK4
18,ThayrVw_e6M
18,Tq7WkHpSIHQ
18,U7AN2IR8p9w
18,U7yDjkHvjgE
18,U_38b6pMqKI
18,UqRxyTv3ZnQ
18,Ut19h0iuOQI
18,UyDolkn8Pe4
18,UzIKWnZJ29s
18,UzdiZNgCyTE
18,VTtcnuqnEew
18,VegGK7hJpRA
18,Vp9ehPTMUas
18,W7ItvP_D0y4
18,WEuDRItaqHs
18,WPytTYo1rb8
18,Wx2OQI45uSU
18,X0zg5eyO4Ng
18,XDXJ1rubpIU
18,XYZ08NlBV1M
18,Xh4sf55R-9g
18,Y1-_aEF9x_U
18,Y1sqtqknr-g
18,Yev6j8F_yBQ
18,YrCGlswUZRE
18,YrSKfiqJ5NY
18,YsKwD4FqQoA
18,ZAwQBVnssRY
18,Zmc-kE5fN4k
18,_1omyvQK20g
18,_UcL6Yokv0o
18,_XujIP0D4wY
18,_YMJ2X4R3PE
18,_YYj3Gppn1k
18,_ahSjZ0ImMQ
18,_cYj6smCUs4
18,_xcfFQS2hsU
18,a0rbO3pnqDI
18,agdZ9TE5S8M
18,aqGFT6xPs_A
18,asborBrEArc
18,b1LvEn8J1Us
18,b3VFia1ojnw
18,bmTGvChkLLo
18,btcrqAJvtCA
18,c2JfQom3v6s
18,cMVM2VooYyE
18,cZySC-QrN3E
18,dDgr4uvet-g
18,dFEmVJ6pOpA
18,dtHuTVXZGFw
18,e-cvIqCdoxc
18,eVwAaD048gc
18,es5sn8wyaI8
18,exOwNze6EkY
18,fcfQkxwz4Oo
18,fz3AEl3NC7M
18,gC2IZcxSPII
18,gGbOczrs5Vs
18,gQ8QRGqwXGU
18,gx09nRbuyns
18,h0y_7iw0h1Y
18,hGDqJh40E7g
18,hVhWxfqFTrk
18,hhy6DSyny8g
18,hsOzdQfhNQI
18,huTmWDYdSQQ
18,izZSV-xkhiU
18,jN-FfJKgis8
18,jfsMD3TjL00
18,jgKDHaKRCdU
18,jlERUlGWKkM
18,jlLgiPzbDL4
18,jzAtvkxk5jU
18,kHRhLZiZzXI
18,ktARJr8bDiw
18,kxKHEfW4FW4
18,ln3dU4hCWb8
18,ltd5vrrVs0k
18,lud38z2sTJk
18,m1nScV7oZOA
18,mFXMBQaEzGY
18,mYdaaQX3QqY
18,nGL_0w0UNBs
18,nVv_2BUPfMs
18,nXpagwuXOp4
18,nfooogJXVNs
18,nk3y3Qn464A
18,oEbM_kMz6mE
18,oGn48HFJ6no
18,oU4fwidiu1k
18,oe1SnBNwroo
18,ojjVFjpSqgM
18,p4Cupqbr89I
18,p6yFzNOOqiw
18,q2Z0Ht7h47k
18,qjxiY1tlDTs
18,qljY-YfFaPc
18,rHm-lZb5kuo
18,rUUsiJN5-BQ
18,rZLWLRiyD_k
18,tKVLbsBZFCI
18,thYUd_mYtpk
18,thxbiR-XfJo
18,tjHoCxJ-PMo
18,tjw3p5ge5kE
18,tov6JMAIUBU
18,uGtwMUvxhqg
18,uYP-VTctWq4
18,ua8BvgQKJlk
18,uxRVj-8vVrk
18,vY__s_3Obb0
18,vdnlYGZLnaI
18,vhdeeoA57OA
18,voEcVJwXCAU
18,wAr2-Gqt2js
18,wylf_R3Fglw
18,xPL8DN1Bifc
18,y5yC7Wl5QMM
18,yMth4-U4QU4
18,zIkfkxL-GmQ
19,-D1ghdod0ts
19,-Igad67hP8U
19,-Vl_WPrcBhE
19,-YJDKOdDnZw
19,-rCD-ayNRhs
19,-vBcDgVWNNk
19,06FogQdwLWE
19,08biDz4urI0
19,0Cta66WC3K8
19,0n88bWCi84M
19,0tzuTKAdf_s
19,150ATQ0H468
19,1elU6BaL05k
19,1nrV8QENzeA
19,1oPxiQNK81Q
19,2WHUA7nCPsk
19,2cYm1ED3QXQ
19,38wwxPrfzgI
19,3Sv6wiuUbDE
19,3XnkjfcykTo
19,3cURg3ihUOQ
19,47pB6ZgozyA
19,48vxHAJPLG8
19,4IRTuL93RJw
19,4gYZLNcSpQw
19,57dfQDcwwOc
19,591Txb9ZwVg
19,5FMB-wjX6yk
19,5eq2wOYDYWY
19,5iwMIq37Be0
19,5zr9MqUewlU
19,6DsMK1IWc70
19,6_UlpAQPixU
19,7IyLtRvLngg
19,7kuvm-Cu_6Y
19,88mJIJuTxBs
19,8HyBQgvolzU
19,8I_tLCQgIt0
19,93V-NwGbL2E
19,9FoEDCyzgHU
19,9lHpQz2jz0g
19,9v-422fPRmI
19,A7Ix5bGasNo
19,ASe2dQqBp0A
19,AZojFFIdp_A
19,Aib0Ml_JgHw
19,AjI4VHHHrvg
19,AtBtEkJW718
19,AwpyMQo2KfQ
19,B1iOp-21PHA
19,B3TZPWOZXEQ
19,BD3RyokExUI
19,Ba6nCI5G7XI
19,BogoqKnfG-c
19,Bqer8v3yvaU
19,BxZKpod81sQ
19,C73eXnseEjA
19,CFkDgVebEOs
19,CYuHsJN1p1g
19,D-m1tP5oltM
19,DllehpALBTg
19,Dnsp06Q-fc4
19,Eyqxt_X1zQI
19,F3QxxPRb3Cs
19,FVG68oRqR0o
19,Goa-VMPPUjM
19,H-YmvpmA3Bg
19,HXO0mW0WNdg
19,HoDIRF1uHqw
19,I17HTyu51bY
19,IJvlMEwrUbc
19,IONiax5-J9E
19,IXS_BdSOWbU
19,KDbb_Nts0yA
19,KcS4O-p5wMw
19,KwDCb9LDhSE
19,LDD6hX0lpj8
19,LTRUz4LnYtw
19,LuvSeF0qYXg
19,M3xnyum4YGs
19,MSK8WrMawRk
19,MaKIjQviB2Q
19,MfoYpadB3IQ
19,NAvEFLYzQOo
19,N_FgE-lVs8s
19,Nf0c3ksUZaY
19,NmbR-oydh6c
19,OJHIIpqUekM
19,OWYiZUQju-4
19,OiBwbO_trww
19,Om5i1sKXxtQ
19,P9RC_i4R2Yw
19,PfLEINkK51g
19,Phk5leTwPFk
19,PpXanULSbMs
19,ProXoWX0DDM
19,Q_G3AlvHawY
19,QebhE5no6yM
19,QebiHf_Ngss
19,QltNOfH6Zhk
19,QmliRnGJYN0
19,R7To0GYOMR4
19,R9rY-YnyF18
19,RH6EBF66bSc
19,RN7pk7uVueQ
19,Rat01UtnmBU
19,RwO6J1BSDnk
19,S4mjnBQkztI
19,SKOOSv-9pYQ
19,StJGSSpBRMQ
19,Suyt076i3EM
19,TOSxGIZYni8
19,TUIoCSx-RM4
19,U5F-sw5whCE
19,U8iiIkPvt1E
19,UG5b7lbAMC8
19,UQmleukLbpc
19,Ut-M3TDMqBE
19,UuoYXMMfhRg
19,Uw2FbUawACQ
19,V3mYJqPkEoo
19,VE0GXaaL2qk
19,VFj3E6Y1muA
19,VtwJfm-fFY4
19,W9VkEvGTrQw
19,XCNcYVghOj4
19,YDlvGn2vUI0
19,YJS4oPNfzVg
19,YNdKEEke4IM
19,YZ5tOe7y9x4
19,YuYUkKxEiIA
19,Z9bgN5lHWHg
19,ZXMIn88DUBU
19,ZYA2o_GopNE
19,ZbEhsOuvLOs
19,Zl-DynwGYw4
19,Zur2fjutAYc
19,_2ZRKaX8NO8
19,_85Qco8_4ao
19,_RjrzaQrOsE
19,_YKNRb5suMA
19,_Yfy82KaEwI
19,aG_unqKaDrw
19,aGunk1x1QiE
19,aNyzZ0Uf2qY
19,aOFY0us3y04
19,bIrIErkPBGQ
19,bhGa9HJ6pPM
19,brvC_uitskU
19,c7iyEt_dyg8
19,cJg4PM_KeJQ
19,cJqhuTuBbgo
19,cMttAl-PwXo
19,cgP4SQqxW0k
19,ckcWr_aYbrM
19,dJnS775wxlQ
19,dRZkgm5OeAM
19,d_7vqS4hpms
19,deILXOukB2s
19,dzAsW316mww
19,e9yjbRgNz5U
19,eDKTV42NjJA
19,eGpZVR_s-PQ
19,f8sKeeBsEM0
19,fLlntjIGE88
19,fPsxvzIWZ_g
19,fuPV5GwmqV0
19,g2nj0w4SkzQ
19,gYYMU7R4UFA
19,hTA65hkpZ-Q
19,iDRSJpCZAko
19,iHlLb04oOA4
19,iptAkpqjtMQ
19,iqlv2vac7d0
19,j-rKCWhMPNo
19,jF4czSG5zeo
19,jGUTFPcE6b4
19,jlH9DBSdapU
19,ka-Tb72tHUI
19,kbowHDKjOZY
19,kbrQT4xXGDw
19,l_YLKD7Rz1U
19,lflQ8u3dANE
19,llUhtFiUmrc
19,mZBn_Ham2PA
19,myPhUNpswhQ
19,nPR6aNHLdas
19,njCiV6THBnc
19,oDGsSZIG-1s
19,oHkPr2ggQu8
19,oKfhMM-He_U
19,ocp_kjJYkls
19,oobNJhGILEs
19,pYIEnRA6ako
19,p_XitHmkaXQ
19,po_58GkyW7c
19,q5rrUR_-KKE
19,q9WdxOxZ3J8
19,qEo3ERgOQHI
19,qFwYgKrxvHg
19,qRcDHRJQ4IA
19,qTLxq9ZE1FI
19,r1Mss4Dz77c
19,s4Qk69PKTkU
19,sI7FqzWt7Mg
19,su1JvvqX564
19,to_EDj2ZlEU
19,twVpBeNFFFY
19,uI7IYTmJMiE
19,uiMXVXdzdms
19,uq4YqN9iEJ8
19,vKgE05ZntY8
19,vNGpCcYS8Bw
19,veRX00g3hXU
19,wG7YZsBl-Dc
19,xxqYSv2NAyo
19,y8kwBRr3--A
19,yDrfZOKxPyI
19,yHJxsCCpvII
19,yHjLcc3Xcz4
19,yhCcdUC-L6k
19,ymj8UBPF8Q4
19,z7j4WfnPsxo
19,zlF0Uvz15GU
19,zrxuPkbIq4g
20,-8NkuEdyimA
20,-F6ZcbtWu34
20,1_VglD_QsbA
20,1nTNu71Y1ro
20,1xJjf9HCAdo
20,25QoSRBVlec
20,2Ba46brpjPk
20,30L6s_rhQPg
20,3YPanieSw6M
20,3czoIykmGnk
20,4MuKRNA28i4
20,4kHn6PwVX84
20,4zfwn3oUJUM
20,55l4xnLH5rA
20,573Sf69KNDg
20,5H-caBIjIvs
20,5LlbTNGYJWQ
20,5_IFz7FEZ9E
20,6KH9CoP_FFM
20,6N-Rorpz2hA
20,6Yadd98bVms
20,7_YhGOQxtmI
20,7dpdaoOC2vk
20,7m9Oj6DW7FQ
20,7mc_o5cum-8
20,7zJ0DLJmXl8
20,81ZGfkPFO_8
20,82h3HijWjUY
20,8HsEVHj0pb0
20,8dBn5Thm0ZI
20,9FfnayJrTy4
20,9X-Na6arUM4
20,9gCehMzBICo
20,9v2ETusoi3A
20,A5WTaTlfT8o
20,A7eNRa9fgqw
20,AoXYRCCHMrk
20,As3vILWX6kU
20,As7Dh9VnJ5I
20,B30Jy8m-Vfk
20,BPH5MwUit4Q
20,BedyAyEGBqY
20,BiTnzbLefHs
20,BvmZUI7llHQ
20,BxwdtM1UG-s
20,CUGrSSJobKA
20,CtmxTj9pKqg
20,DXDJ2fBhOiM
20,DdyH3DRWznI
20,DgqKzedGg3g
20,DjNdeJL5WAo
20,E2fgPAZuWXE
20,EJHjRje1UvY
20,ER53gxJcGAw
20,ER6YEJkjdUM
20,EYHMW4ba_hU
20,Ene3RX35fBE
20,ErdF1VM5uQg
20,Etk-xf07-uU
20,F27i2IGDGwI
20,F9M5jgcE1v0
20,FeH0e6TyMww
20,Fey6xVCWxzo
20,FlpyZa7d6OU
20,GDsjYUI82pA
20,GTs8LIJzLq0
20,GoM4jIZbTtQ
20,GrwhDTbk-jM
20,HGSCpzGp5qM
20,HKwW8edywvA
20,HTZYx36ZdAE
20,I1YD8x9qZOU
20,I88GP6Z0b2Y
20,IPk5En7EUao
20,Ipb-VE5mpEg
20,Iz-XY6XfXjk
20,J0JznTuSVQ0
20,J_ZOIiE8tDs
20,JcNNDi1I80Q
20,Ji_Fzc56eWE
20,KDo8n_7_2YI
20,KNL-oOEW5-E
20,Kx_qtnf9huY
20,L7pnd183iYc
20,LMqtpzGf7Xw
20,LND2v6-JMhs
20,LTHaxcFpyU8
20,M5ALaU2TXi8
20,M84zVlkQUQw
20,MOWWmf0eeKQ
20,NoS0q1BZgZU
20,NptvBHZDrVk
20,OK_8NC7fJeY
20,OMZbpI1pQlM
20,OZXPdB3Gtqk
20,OZ_Jl4AnTmo
20,P7AU7cXzXBA
20,PBUaF03hkZE
20,PVwQmA1pqgs
20,PpGKUqQP2Ho
20,PqPE8EjVI1g
20,PrD6QYUHb4A
20,Q7xJ4FuAwYY
20,QcQcmpwqbUM
20,QttQO7GSjj4
20,RFQRM1B2AKA
20,RJoSTQgvFfw
20,RjpAG8QO8Z8
20,S0j05LiBZFo
20,SZ14e57t2sY
20,Sa4XaSA-9Us
20,SorMwaDG7KQ
20,T9Qov2ygMgg
20,TlNH6YHJJJw
20,TpmKTQx1Y1Q
20,U3vQ0SPpqYY
20,U638KtKRnsw
20,V38a9W7yMBk
20,V583a_c4Huk
20,V5TGBwIITyY
20,V5uFjKbWmMk
20,VA--kO9WUGY
20,VMPgLmxlxFM
20,WL6F1hQuv14
20,Wxm0OdE70EM
20,X215NbLxELw
20,XJb0WxByX5I
20,XNspXxDw6Yg
20,XPGIMCmpfxU
20,XYIW0YL-c5E
20,Xr8J-MZp2GU
20,YWJ3SX9hg_4
20,Yc2VL7lcqO8
20,YrOPstudZvA
20,YzDOyVxor8I
20,ZZgE8Nc39NU
20,ZaGNvM87OQY
20,ZdZrWv2bdJo
20,_BXnswc5BJI
20,_Oqgdrg7atA
20,_gjXXALib5k
20,_qruJacP0fk
20,aN86XWbbwMA
20,b0r7RHBmZ-4
20,b2GeZ73ilK4
20,be41DWqL50Y
20,cIn7cvevrX4
20,cNcsTRQNZLE
20,cVBRVeU8hPk
20,cozUVfQQd5Y
20,d-Gfv0DhKS4
20,dGHiotqo2jg
20,dIVvOAnIlUM
20,dNKh5pcg9C0
20,dYxiVoLZPgs
20,dorHLkSZbF4
20,drRGvv1A5kM
20,eeunnJ1uXsw
20,fRtjQz3EaBs
20,g8V6SXCLFEE
20,gTVaegNYJDY
20,gVRWReaVwFM
20,gVo0I4qxI88
20,gngWYqEIQ2o
20,gp81SMjG_hA
20,gy7WnW87-UM
20,h6ghwERh0HU
20,hPGqzeqqeFQ
20,hfD046YQyuc
20,iQHdDBDRUxY
20,ixUgxLEuYS8
20,j4sum87ILC0
20,jI1c_9Ln_AE
20,jbAmo_rYrp8
20,jm37ITnUsP4
20,kMku342ue7E
20,kifT4WttAJc
20,lcqfqDhlyfs
20,ltoukxQzC_Q
20,mLKq61poXBY
20,mMAxPK7Ryd0
20,nboC-u2iMTE
20,nk1HxAV0VGs
20,nofeMMRGuyI
20,nsHm3IhdOgE
20,oM3uc0Uoh2I
20,oPGbec2VxvI
20,ohD9FIW2WfU
20,ojgzajYaxdo
20,p27vqhUVnSU
20,pRVFYswSz2c
20,pWShZFXCSm4
20,pe2gnbG0kbw
20,petq2qIbRcU
20,ptUvHNdVoqs
20,q0vOyyfgm7s
20,qbDNFI7fWKQ
20,qtXrs0ZqX6w
20,r2OMmyqbItA
20,rgoFe_Cb9x0
20,riI1kJUWVaE
20,rs46PViV4HM
20,s1DsZj0PqYs
20,scIxL4BLqrw
20,skuFD0LVIJU
20,suzU1sXlM-Y
20,t5Xh69Koq28
20,tKa9eoa23TQ
20,tjnhjmVP5Tc
20,uA5sHVk5ljA
20,v6yrE64tYKM
20,vO33oxWvrLA
20,vYow45vx3HA
20,wKq-HdTdnEo
20,wLjB7YSU8qo
20,wW9WxHSPo6E
20,x-D6vYjfpLw
20,xH7_CcNIE_4
20,xSSIkDQLYSA
20,xYKVVrhAv2Y
20,xasgVxRH2cM
20,xfBH04iVoSI
20,yS6JvdYkUTo
20,zBc46xwPROc
21,-E_HCGKQXBk
21,-N_mqEDghDA
21,-OzIflALOhc
21,-Sz8ce1MthE
21,-ZX0xLOMMZY
21,01czxyspkbc
21,029QD_TYxJo
21,0Eh9-DBS3IE
21,0Ru91yWIlKk
21,1reFetqGK2s
21,21wLFwVv8iY
21,272obArvf3s
21,2W8nuZ8S-i4
21,2ddFtD67HRQ
21,2t-0-1itvEY
21,4R3GT3Xg4Hw
21,4k81DWcP7ZA
21,4wztQP6ZOrg
21,58OU5XU0-Y4
21,5aCdZz_Zj4s
21,5gWY8bD8njk
21,605FHFFwFns
21,6eNn59XvcgU
21,7UWAI9xEHj0
21,7aSDVYFIGOE
21,7kGAtyCk7Cs
21,8AWJoYOVPus
21,8JN6NASIGp0
21,8Pum9dlHJxo
21,8RLNdXf1zZE
21,8WkxOYTdpWQ
21,8cunPgR_JSk
21,8jRjyJVsYqo
21,8oON21G1Bqg
21,9UeLEGgxNtw
21,9XFdaTPTlBs
21,9fOhQyDOS9I
21,A2mWwl_Wdnw
21,AIixCjC8T8w
21,AMv2UL6GAg4
21,ART4ltmSY3Q
21,ASPVIBLNRjQ
21,Amh1IqeWr94
21,AyfUtJ_pRPY
21,B3FpW7zXh8I
21,BBuqpfDm0Ws
21,BHoTmSB-rbI
21,BHwNzSQ6Yoc
21,BgJcyk2R1fI
21,C5QjmosMOZA
21,Ctyi0ekYh1Y
21,D3WeSeG-cfk
21,DDUyIIuwIaI
21,DEzwb__sIKw
21,DLemQ_XlfbA
21,DSi46udefaI
21,DrIbptCvqfU
21,DvC9cjjQA10
21,DzO1TCpG33I
21,F9_7_xBCAaM
21,FBFVu70F3_Y
21,FCv4_tTSb6w
21,FEkQZZt5MN8
21,FNT97BAZhz0
21,FUotsjO87_c
21,FrIfes1L7NI
21,FrjvkYqFq9c
21,GJx3xfzP7Pw
21,GoQrfhn2dj0
21,GtnYlzXmh3k
21,H4hiFJilC_4
21,HUUdxjUt6xo
21,Hin8-nEFIuI
21,Hojyxireofs
21,HtbIeE-OO1s
21,HtscDTRQbgg
21,I9CvHDd-uKU
21,ISX2TLH291Q
21,JUqm_GeVsGg
21,JzMRI6PxFDI
21,KKUIKbkmarw
21,KXZWGFaNNY4
21,Kams2GB7wjM
21,L576wINX3Ok
21,LABz0R94bYs
21,LGn9s-oamHg
21,LZVCUhDGudQ
21,LgU7yuPqdao
21,LtDSobfTijU
21,M3U3l3fl07M
21,M8LbUiArJKs
21,MemMYqlbbks
21,MyenLn2mHDE
21,NOJ-6R0ivZs
21,NXU_Du_BCno
21,O2rsgv58hw8
21,OTWu2NBc704
21,OW28mA4kc7E
21,OwOWDXteakM
21,P0BM9dwMXyA
21,P4omQ8Y7s-o
21,QwwS7PxYpzo
21,R8bKA4fQFnE
21,ReM1uqmVfP0
21,Rh53CpITSrI
21,RjiEfz4CPzw
21,SKZTSMwo-ZU
21,Sq0wXcJrVDs
21,SztZeCWoXKw
21,TBAX4iIUBHw
21,TShp70KezNo
21,ULj8Vs90-Ms
21,UYqDOa2pEgQ
21,Ub_pK1sYgYI
21,UeCMD2Ezw6g
21,UkxxFdhW3Yc
21,VCPGMjCW0is
21,Vgj9meWvsjQ
21,VpC2dHsU3rw
21,Vs4LZM1oirM
21,VxtxwMbpCqU
21,WVW-Ynp5mFA
21,X-yhMc07lIE
21,X9iKJsxKqg8
21,XL8fIbEJ6EY
21,XaUlE6l-3dk
21,Xm4FjVnEn5M
21,XzDaxyuHV7w
21,YZEJwHMI23M
21,ZAJ_2zH0_AA
21,ZFJW7_QKrjM
21,_z8PUzZFEVs
21,aZ8wd5OHZx4
21,abx70gbmdAA
21,afjbcPyKvkc
21,amXKuRMs9Aw
21,aoFMyMYhKCM
21,bMKTMVTb0kk
21,b_zeIVpZSc4
21,bf8A-aVMCXE
21,c-dD7DAgh4E
21,c_PZTAW5piQ
21,cfCe3wNXtlE
21,dx_UajHsm2c
21,e3S5EsmNJOo
21,ehslEpVltO8
21,epIL0mrg-jA
21,fJscJ_1axOU
21,fRa3wRxW-3A
21,fS4cH2fky5M
21,fnRlICI5Tng
21,g9pL5CliB80
21,gXx8DRSm4vU
21,goLy3jgTRVM
21,gq8ewQIokmw
21,gsmj7RJSA4I
21,gvkqT_Uoahw
21,h5qWn0SfTXA
21,hPrWSM--CLk
21,hs82e_a5M98
21,iDBVFQSxRmA
21,ixmD705sGg4
21,j0YXq1jDfAw
21,j13yyHLkDYY
21,j7nj-2gokNU
21,jKpYqDrZUNE
21,jlbyNok0FdA
21,k0lCMMh1j5Y
21,k2oe-PAHTR0
21,kBNjbgDvvdg
21,kFMCSnJbl3Y
21,kIi4nZ4XggE
21,kgxWyO9WAls
21,kq3OkOH4zLM
21,lFI-ZOEqgYc
21,lQetjmEgJd4
21,lbxmTnOGEfc
21,mlwcREMHyI0
21,n5HVIytO9iM
21,nmlAZ3m-WpU
21,nvCrar6IvBk
21,nvLfIQ9WVqU
21,o3tNt84zxqo
21,ogQ1pRZoUs4
21,om37VE7z84A
21,oyHv2zP3BLs
21,pFQ1kVEAz38
21,q4nEKlTOun0
21,qJLCgZIMBa0
21,qNU2LNGiIbc
21,rBlFqT4qvc0
21,rH5JMOEQp4o
21,sQmmUzC_8rk
21,smoQhqNm9Iw
21,t--Zk7gjLoU
21,tDnCKWAsiBM
21,tHdivHtJJSU
21,u6TVcCmn2lc
21,u_qFlTu7HTw
21,ua1j8-B7woA
21,v0Iy5NaBpbA
21,v1b8wBHkr50
21,v7UZTcUh9PY
21,vH3EJgGUwgQ
21,vOwqdlnYIJg
21,vXtHgZVkDjw
21,vY58gfuKib8
21,veRX00g3hXU
21,vqEhd8k_swI
21,w9Qp591_Fr0
21,wMuVodL7xxU
21,wUvkcJswohI
21,wadktzcYmC4
21,wgqK5uXtAm0
21,whjb18NuNFA
21,whyQgRK4c8I
21,wuP76l97AYg
21,xT8oP0wy-A0
21,y0uNO0UxO2Y
21,yDBtjsBrjdA
21,ycstDqzlBkE
21,yrm7UhakbvI
21,z4seaYsg2QM
21,zQPRtY3_vvk
21,z_3chx7s2sI
22,-daJ515_U2w
22,-pqKQqr25VM
22,0PQka0h42wc
22,0VsJ_syO7II
22,0bB9KLw_Buk
22,0m0-1jmfJF4
22,0mHd5BQYyvA
22,10AQTV-xCzI
22,12yTrm9vzms
22,1cELZEtxmxo
22,1um4CmQM3U0
22,1zu9OTp9fNI
22,26lbNlxgreM
22,2RRyLaNopgs
22,2dNRn38-2zY
22,2euVfXYkrmE
22,2nuCrvCas2U
22,2pbn3d1Xrts
22,2v_bCR08fV8
22,3IjrQi1qVsM
22,3Koh_tXRoKw
22,3ftRpxtgnII
22,4j-caHEwxSc
22,4kfSIMEIpVU
22,50I3siQFIII
22,54nGBHsQ5xQ
22,5MljXfcH16w
22,5R-3YHhVW18
22,674w-asc6LA
22,68wQdBsxhHw
22,6mFbgtG2uso
22,6w7TzR3ZpQw
22,7pME3AL4Urw
22,8DzARlkvAKY
22,8Vce82WnFQM
22,8XnyGynqMP0
22,9kV5_O7g2_w
22,9xgk33oTygs
22,AB3DahyX4O0
22,BAs8vx2Zy0o
22,BKu9fac52sQ
22,BgaiyLrkRrc
22,Bt1NqxL9C4o
22,C8QQmcIzEwo
22,CMp7i5h-CaA
22,CdJd6WgWti0
22,DSN7HMoa-B8
22,DnkfbSfi140
22,E8jxNfKfIRw
22,EhFL3uUgAro
22,Et1ceU8eMSk
22,GY0Bx82yldQ
22,G_gNgCumhXs
22,Gqd_NKGMDiE
22,GzBS4-Lp8QI
22,Hpo1nB2MZ1U
22,I2kqWMCq6HM
22,Ic104yltWDc
22,Ii87Am6efoU
22,JBezBTsRMY4
22,KA36f5N_XKo
22,KDPaAYfEngc
22,KIFoxtC38fA
22,KjU7gdhjc7k
22,KxWkA6hsXMU
22,LbiQmfGLn_E
22,LcbCxjf-2L0
22,Lgbli8i4fE4
22,LjnqW9Ck1yU
22,LvR7HdgyOTw
22,M7SrO-D2TwQ
22,M8V6Avhnhrg
22,NG46NiNnk9o
22,NQX5wC3TOAA
22,Nia9q7KTxDw
22,NlUlLD4l0pA
22,NqPzs0_zA3Q
22,O20Ol-2HqSI
22,Oq6FJI3F4k8
22,P6BQMlViONI
22,P7Eq03O-LwI
22,PQFbavboYJQ
22,PtXbakVftZg
22,Pu95huAwlBk
22,QBCAOmyFOlg
22,QTrmQHwCnZ8
22,QbhQY6qtDJM
22,R1gI8lZpB_Q
22,R3dTbESX6Rk
22,RPf2D-N7sSs
22,RR-KsIzohL0
22,RSg3Vx7bAMQ
22,RcO312nl2qI
22,RdgxcVGa1VI
22,Rn2X8RnZ_BM
22,S1qMynWjooU
22,S27zenqYeNM
22,S79FLo94jk0
22,SBuWwR10sf8
22,SHmJuiZUGNo
22,SIKQxtA0tXg
22,SIVOgxqu7mI
22,SQNS5a085MI
22,SrU-vZ0WRLs
22,SrVYp7zlgxc
22,T12fIMy_SNA
22,TYJJNgizztY
22,ThVeKuahoTU
22,TuW88SW4a1U
22,TwIdX8pPeew
22,U1qUGX3pl2I
22,UVKhAExNQC0
22,UyStA_FinfY
22,UyYGpZbhfiA
22,V0ey5PzewzQ
22,V21POcl9muA
22,V7hKgdBu_Wk
22,VXRkfqw67GE
22,VlboevEze50
22,VlsyCS0G-58
22,Vvr8INGeODM
22,W1Q3Fx9nWOk
22,WIO3p-kU-80
22,WqmDTJ9kUwo
22,XJgUBUo8-rc
22,Xdadlmdk8m0
22,YNiTa3hzlQA
22,Yo2MB6X1GdM
22,ZRWLDoXqT_o
22,_N-LIy-xZfA
22,_hR-iC2PucY
22,_siy8p3aINY
22,_zZ1EK0FQwc
22,a276Dq3ErFI
22,a78TAlVQsFI
22,aC09occCN18
22,aKnGry4mohU
22,b2AH6GNCxkk
22,bzdh3vq5iPc
22,cLksU7GSLNc
22,cV_RwxvWOgA
22,d4aPpm4an34
22,dQ-hsRWNMy8
22,dm-BFy2Vits
22,e4dF8I5rep4
22,eot33wOibdw
22,fEo3VH4U0c4
22,fQBuauwBfRY
22,fTCWiUNGXOE
22,fvXDPo9H8As
22,gT768wKd95Y
22,grsDSlKWH_U
22,h5qWn0SfTXA
22,hHWIbIfBk1s
22,hnm39Xtf7g8
22,iJn5Woh8-Qs
22,iK0lLZ3YoPY
22,iPCSWpWTybU
22,j9JrVzQbK6k
22,jEvvrNFUvVo
22,jKQ4Vj26oVY
22,jSEjjBB5R4M
22,jS_njejCnxE
22,jWvOYE-xEK4
22,jaz0Pad3xQw
22,jcSW-nX3yLw
22,kFgQBPtPfgc
22,kIhL844gJyk
22,kJ8xaL23r3c
22,kcpI1pMHK_Y
22,kyRMXkavZ-s
22,ltSUY1NtqZM
22,lw6AYvGpafY
22,lz0P5ghYgeQ
22,m-0NPAgQ96E
22,m1qzRWFrsFs
22,mTX-qx_gCi4
22,n4-zAs-veeY
22,nNhnFD7uf2A
22,n__hE_Opa5k
22,nyRhSV4X2OI
22,oHsWpHgaHVQ
22,opqe5XUa4Z4
22,oqQ3rUvrsiE
22,pCfFnjMPPZo
22,pcpp3JAhlAk
22,psun6C0R2VE
22,pwM0RP3u04o
22,q0HCNtjFl0w
22,qFTP66Up2wM
22,qVa0fPpCOOg
22,qZO_5WueNew
22,qmk5oqcfO5w
22,qquaflKkSeE
22,qvKzRg0u_-g
22,r3vmGCUzNuw
22,rLwNWfvgjPk
22,rYKxJdDO5Sk
22,rfJpclWAaKg
22,rfp3LKemlmc
22,rjrYcI7g_Vs
22,sOhvUDiDOws
22,sU9SFT1nAOw
22,sqGQEynlCAY
22,tXm6Wsrvt10
22,tfcdts_i2jU
22,tgmfLz2hiCE
22,tpK-2GyqLCk
22,ttFGqhklt5A
22,u1Fa_XODPrM
22,ukjfVNTpUVk
22,uzdiogfjPtM
22,vIvbG5Hchgc
22,vdNosXKZaYs
22,w85oX8167iM
22,w9QoCKbx6d8
22,wXwSCvrP5sA
22,wnEBYaEjQWk
22,x8gRPIZAihg
22,x9zIlveLsL8
22,xOpkTbFoacQ
22,xPMQZfano94
22,yfbtdDX5BeQ
22,zKicWKDWzBw
22,zn3DmKwfpZg
22,zq2N-1DJ-eA
